NGA,PolityID,PolityName,Year,Pop,Terr,Cap,Hierarchy,Government,Infrastructure,Information,Money,Metal,Project,Weapon,Armor,Animal,Defense,Cavalry,Iron,IronCav,Miltech,MSP,PC_1,PC_2,threadID,Target_NGA,Scale_1,Comp
Susiana,107,ir_achaemenid_emp,-500,7.361727836017593,6.711807229041191,5.301029995663981,6.5,0.990909090909091,0.9727272727272728,0.8866666666666667,0.8333333333333334,3.0,7.0,4.1,7.6,3.0,11.13333333333333,1.0,1.0,2.0,5.972222222222221,1.0,3.652134625722199,-0.1854936781038575,0,Kachi Plain,1.2242186911284945,0.946057335203264
Susiana,107,ir_achaemenid_emp,-400,7.414973347970818,6.608793373986931,5.301029995663981,6.5,0.990909090909091,0.9727272727272728,0.8866666666666667,0.8333333333333334,3.0,7.0,4.1,7.6,3.0,11.13333333333333,1.0,1.0,2.0,5.972222222222221,1.0,3.640707096233975,-0.1655066217367026,0,Kachi Plain,1.2029523141111649,0.946057335203264
Middle Ganga,87,in_mauryan_emp,-300,8.0,6.602059991327963,5.431363764158988,6.0,0.7272727272727273,0.9666666666666668,0.7200000000000001,0.8333333333333334,4.0,7.0,5.5,7.733333333333333,3.0,10.36666666666667,1.0,1.0,2.0,6.266666666666667,1.0,3.221762806837496,-0.4478857108540579,0,Kachi Plain,1.5607818711999428,0.40084139270979524
Middle Ganga,87,in_mauryan_emp,-200,8.0,6.602059991327963,5.431363764158988,6.0,0.7272727272727273,0.9666666666666668,0.7200000000000001,0.8333333333333334,4.0,7.0,5.5,7.733333333333333,3.0,10.36666666666667,1.0,1.0,2.0,6.266666666666667,1.0,3.221762806837496,-0.4478857108540579,0,Kachi Plain,1.560781871199943,0.40084139270979524
Susiana,125,ir_parthian_emp_1,-200,4.8750612633917,5.447158031342219,5.477121254719663,5.333333333333333,0.6777777777777777,0.9166666666666666,0.7933333333333333,0.8333333333333334,4.0,5.0,5.9,8.0,3.0,10.36666666666667,1.0,1.0,2.0,6.044444444444444,1.0,1.895964417219299,0.6049757593656936,0,Kachi Plain,-0.39147580326063103,0.380567246420533
Susiana,125,ir_parthian_emp_1,-100,6.736396502276643,6.301029995663981,5.477121254719663,5.333333333333333,0.6777777777777777,0.9166666666666666,0.7933333333333333,0.8333333333333334,4.0,5.0,5.9,8.0,3.0,10.36666666666667,1.0,1.0,2.0,6.044444444444444,1.0,2.639029248629344,-0.02903251274061788,0,Kachi Plain,0.8639562644360722,0.380567246420533
Susiana,125,ir_parthian_emp_1,0,6.736396502276643,6.301029995663981,5.477121254719663,5.333333333333333,0.6777777777777777,0.9166666666666666,0.7933333333333333,0.8333333333333334,4.0,5.0,5.9,8.0,3.0,10.36666666666667,1.0,1.0,2.0,6.044444444444444,1.0,2.639029248629344,-0.02903251274061788,0,Kachi Plain,0.8639562644360722,0.380567246420533
Sogdiana,127,af_kushan_emp,100,7.113943352306837,6.352182518111363,5.176091259055681,4.666666666666667,0.7777777777777778,0.8,0.7333333333333333,0.8333333333333334,4.0,5.4,5.9,8.0,3.0,10.83333333333333,1.0,1.0,2.0,6.188888888888889,1.0,2.423792569371715,-0.03802559059688711,0,Kachi Plain,0.8636496614852394,0.2659947452974952
Sogdiana,127,af_kushan_emp,200,7.161368002234975,6.352182518111363,5.0,4.666666666666667,0.7777777777777778,0.8,0.7333333333333333,0.8333333333333334,4.0,5.4,5.9,8.0,3.0,10.83333333333333,1.0,1.0,2.0,6.188888888888889,1.0,2.370470749939363,-0.00347065718061531,0,Kachi Plain,0.7687683166112383,0.2659947452974952
Sogdiana,127,af_kushan_emp,300,7.161368002234975,6.352182518111363,5.0,4.666666666666667,0.7777777777777778,0.8,0.7333333333333333,0.8333333333333334,4.0,5.4,5.9,8.0,3.0,10.83333333333333,1.0,1.0,2.0,6.188888888888889,1.0,2.370470749939363,-0.00347065718061531,0,Kachi Plain,0.7687683166112383,0.2659947452974952
Susiana,128,ir_sassanid_emp_1,300,6.698970004336019,6.423245873936808,5.0,6.5,0.4545454545454545,0.9818181818181819,0.4933333333333334,0.8333333333333334,4.0,7.0,3.9,8.0,3.0,7.633333333333333,1.0,0.9,1.9,5.588888888888889,1.0,2.146990351061031,-0.339991613515056,0,Kachi Plain,0.5839490023693422,-0.2107263012758035
Susiana,128,ir_sassanid_emp_1,400,6.698970004336019,6.498310553789601,5.397940008672037,6.5,0.4545454545454545,0.9818181818181819,0.4933333333333334,0.8333333333333334,4.0,7.0,3.9,8.0,3.0,7.633333333333333,1.0,0.9,1.9,5.588888888888889,1.0,2.316916624954944,-0.4623337854961571,0,Kachi Plain,0.8822732382427093,-0.2107263012758035
Susiana,130,ir_sassanid_emp_2,500,6.949390006644913,6.540954808926132,5.602059991327963,6.666666666666667,0.5181818181818182,0.99,0.7799999999999999,0.8333333333333334,4.0,7.0,3.9,8.0,3.0,11.33333333333333,1.0,0.9,1.9,6.205555555555556,1.0,2.933566172091019,-0.4058122875641046,0,Kachi Plain,1.1545137675272028,0.2692951877166772
Susiana,130,ir_sassanid_emp_2,600,7.103803720955957,6.444044795918076,5.698970004336019,6.666666666666667,0.6090909090909091,0.99,0.7799999999999999,0.8333333333333334,4.0,7.0,3.9,8.0,3.0,11.33333333333333,1.0,0.9,1.9,6.205555555555556,1.0,3.10458943801611,-0.3925973118894461,0,Kachi Plain,1.2478473892097115,0.3753808369046754
Southern Mesopotamia,131,sy_umayyad_cal,700,7.447158031342219,6.954242509439325,5.477121254719663,4.833333333333333,0.6363636363636364,0.990909090909091,0.9266666666666666,0.8333333333333334,4.0,8.0,3.0,7.0,3.0,10.33333333333333,1.0,1.0,2.0,5.888888888888888,1.0,3.114963368233648,-0.1541257777732701,0,Kachi Plain,1.4901380216582627,0.6106338007706665
Southern Mesopotamia,132,iq_abbasid_cal_1,800,7.447158031342219,6.919078092376074,5.845098040014257,6.0,0.4545454545454545,0.9833333333333334,0.9333333333333333,0.8333333333333334,4.0,7.0,4.0,7.6,3.0,10.0,1.0,1.0,2.0,5.933333333333334,1.0,3.228365169744032,-0.5159619820339706,0,Kachi Plain,1.7190783164812922,0.39801244206478237
Southern Mesopotamia,132,iq_abbasid_cal_1,900,7.0,6.0,5.954242509439325,6.0,0.4545454545454545,0.9833333333333334,0.9333333333333333,0.8333333333333334,4.0,7.0,4.0,7.6,3.0,10.0,1.0,1.0,2.0,5.933333333333334,1.0,2.908079176095584,-0.1774699973291842,0,Kachi Plain,1.1697319985095764,0.39801244206478237
Kachi Plain,98,in_mughal_emp,1600,8.113943352306837,6.585460729508501,5.602059991327963,5.666666666666667,0.9800000000000001,0.9,0.7333333333333333,0.8333333333333334,4.0,10.0,6.0,8.0,3.0,10.63333333333333,1.0,1.0,2.0,6.938888888888889,1.0,3.50157417384843,-0.3995292922834803,0,Kachi Plain,1.7202530818954347,0.6292791572946181
Kachi Plain,98,in_mughal_emp,1700,8.113943352306837,6.585460729508501,5.602059991327963,5.666666666666667,0.9800000000000001,0.9,0.7333333333333333,0.8333333333333334,4.0,10.0,6.0,8.0,3.0,10.63333333333333,1.0,1.0,2.0,6.938888888888889,1.0,3.50157417384843,-0.3995292922834803,0,Kachi Plain,1.7202530818954347,0.6292791572946181
Kachi Plain,98,in_mughal_emp,1800,8.113943352306837,6.585460729508501,5.602059991327963,5.666666666666667,0.9800000000000001,0.9818181818181819,0.7333333333333333,0.8333333333333334,4.0,10.0,6.0,8.0,3.0,10.63333333333333,1.0,1.0,2.0,6.938888888888889,1.0,3.609553036724896,-0.3192673016865797,0,Kachi Plain,1.7202530818954347,0.7334359764973795
Susiana,107,ir_achaemenid_emp,-500,7.361727836017593,6.711807229041191,5.301029995663981,6.5,0.990909090909091,0.9727272727272728,0.8866666666666667,0.8333333333333334,3.0,7.0,4.1,7.6,3.0,11.13333333333333,1.0,1.0,2.0,5.972222222222221,1.0,3.652134625722199,-0.1854936781038575,1,Sogdiana,1.2242186911284898,0.946057335203264
Susiana,107,ir_achaemenid_emp,-400,7.414973347970818,6.608793373986931,5.301029995663981,6.5,0.990909090909091,0.9727272727272728,0.8866666666666667,0.8333333333333334,3.0,7.0,4.1,7.6,3.0,11.13333333333333,1.0,1.0,2.0,5.972222222222221,1.0,3.640707096233975,-0.1655066217367026,1,Sogdiana,1.202952314111165,0.946057335203264
Southern Mesopotamia,108,ir_seleucid_emp,-300,7.477121254719663,6.556302500767288,4.8750612633917,5.5,0.7777777777777778,0.9800000000000001,0.6466666666666667,0.8333333333333334,4.0,6.3,3.9,7.6,3.0,10.16666666666667,1.0,0.9,1.9,5.827777777777778,0.25,2.755432334304536,-0.1105727461282656,1,Sogdiana,0.9252420848386431,0.37561658279175997
Southern Mesopotamia,108,ir_seleucid_emp,-200,7.477121254719663,6.142232991794714,4.8750612633917,5.5,0.7777777777777778,0.9800000000000001,0.6466666666666667,0.8333333333333334,4.0,6.3,3.9,7.6,3.0,10.16666666666667,1.0,0.9,1.9,5.827777777777778,0.25,2.649238455403918,0.01329594463424614,1,Sogdiana,0.7394583915341184,0.37561658279175997
Sogdiana,350,af_greco_bactrian_k,-200,6.243038048686294,5.845098040014257,4.574031267727719,4.5,0.7625,0.8666666666666667,0.7600000000000001,0.8333333333333334,3.0,7.0,2.9,8.0,3.0,10.33333333333333,1.0,1.0,2.0,5.705555555555556,1.0,1.889327001060133,0.5438815896994758,1,Sogdiana,-0.17241098073261235,0.3698113403223061
Southern Mesopotamia,108,ir_seleucid_emp,-100,7.477121254719663,6.142232991794714,4.8750612633917,5.5,0.7777777777777778,0.9800000000000001,0.6466666666666667,0.8333333333333334,4.0,6.3,3.9,7.6,3.0,10.16666666666667,1.0,0.9,1.9,5.827777777777778,0.25,2.649238455403918,0.01329594463424614,1,Sogdiana,0.7394583915341184,0.37561658279175997
Sogdiana,127,af_kushan_emp,100,7.113943352306837,6.352182518111363,5.176091259055681,4.666666666666667,0.7777777777777778,0.8,0.7333333333333333,0.8333333333333334,4.0,5.4,5.9,8.0,3.0,10.83333333333333,1.0,1.0,2.0,6.188888888888889,1.0,2.423792569371715,-0.03802559059688711,1,Sogdiana,0.8636496614852394,0.2659947452974952
Sogdiana,127,af_kushan_emp,200,7.161368002234975,6.352182518111363,5.0,4.666666666666667,0.7777777777777778,0.8,0.7333333333333333,0.8333333333333334,4.0,5.4,5.9,8.0,3.0,10.83333333333333,1.0,1.0,2.0,6.188888888888889,1.0,2.370470749939363,-0.00347065718061531,1,Sogdiana,0.7687683166112383,0.2659947452974952
Sogdiana,127,af_kushan_emp,300,7.161368002234975,6.352182518111363,5.0,4.666666666666667,0.7777777777777778,0.8,0.7333333333333333,0.8333333333333334,4.0,5.4,5.9,8.0,3.0,10.83333333333333,1.0,1.0,2.0,6.188888888888889,1.0,2.370470749939363,-0.00347065718061531,1,Sogdiana,0.7687683166112383,0.2659947452974952
Susiana,128,ir_sassanid_emp_1,300,6.698970004336019,6.423245873936808,5.0,6.5,0.4545454545454545,0.9818181818181819,0.4933333333333334,0.8333333333333334,4.0,7.0,3.9,8.0,3.0,7.633333333333333,1.0,0.9,1.9,5.588888888888889,1.0,2.146990351061031,-0.339991613515056,1,Sogdiana,0.5839490023693422,-0.2107263012758035
Susiana,128,ir_sassanid_emp_1,400,6.698970004336019,6.498310553789601,5.397940008672037,6.5,0.4545454545454545,0.9818181818181819,0.4933333333333334,0.8333333333333334,4.0,7.0,3.9,8.0,3.0,7.633333333333333,1.0,0.9,1.9,5.588888888888889,1.0,2.316916624954944,-0.4623337854961571,1,Sogdiana,0.8822732382427093,-0.2107263012758035
Sogdiana,468,uz_sogdiana_city_states,700,4.511883360978874,4.176091259055681,4.439332693830263,3.333333333333333,0.7727272727272727,0.7777777777777778,0.8466666666666668,0.8333333333333334,3.6,6.3,4.5,7.699999999999999,3.0,,1.0,1.0,2.0,4.183333333333334,1.0,0.7031898315178683,1.592252326792692,1,Sogdiana,-1.8221457277594597,0.3881111148072358
Southern Mesopotamia,132,iq_abbasid_cal_1,800,7.447158031342219,6.919078092376074,5.845098040014257,6.0,0.4545454545454545,0.9833333333333334,0.9333333333333333,0.8333333333333334,4.0,7.0,4.0,7.6,3.0,10.0,1.0,1.0,2.0,5.933333333333334,1.0,3.228365169744032,-0.5159619820339706,1,Sogdiana,1.7190783164812922,0.39801244206478237
Southern Mesopotamia,132,iq_abbasid_cal_1,900,7.0,6.0,5.954242509439325,6.0,0.4545454545454545,0.9833333333333334,0.9333333333333333,0.8333333333333334,4.0,7.0,4.0,7.6,3.0,10.0,1.0,1.0,2.0,5.933333333333334,1.0,2.908079176095584,-0.1774699973291842,1,Sogdiana,1.1697319985095764,0.39801244206478237
Sogdiana,287,uz_samanid_emp,900,6.778151250383644,5.778151250383644,5.113943352306837,5.666666666666667,0.8999999999999999,0.9166666666666666,0.8,0.8333333333333334,4.0,6.3,4.600000000000001,7.6,3.0,10.33333333333333,1.0,1.0,2.0,5.972222222222221,1.0,2.731723170443407,0.2553983022636686,1,Sogdiana,0.4073944148220605,0.6490818118097103
Sogdiana,289,kg_kara_khanid_dyn,1000,6.397940008672037,6.301029995663981,5.301029995663981,5.0,0.8818181818181817,0.7375,0.7866666666666667,0.8333333333333334,4.0,5.0,4.7,7.2,3.0,7.333333333333334,1.0,1.0,2.0,5.205555555555556,1.0,2.430591375602305,0.05025095275398698,1,Sogdiana,0.5882308662632438,0.38139235702532903
Sogdiana,289,kg_kara_khanid_dyn,1100,6.397940008672037,6.301029995663981,5.301029995663981,5.0,0.8818181818181817,0.7375,0.7866666666666667,0.8333333333333334,4.0,5.0,4.7,7.2,3.0,7.333333333333334,1.0,1.0,2.0,5.205555555555556,1.0,2.430591375602305,0.05025095275398698,1,Sogdiana,0.5882308662632438,0.38139235702532903
Sogdiana,289,kg_kara_khanid_dyn,1200,6.352182518111363,6.146128035678238,5.477121254719663,5.0,0.8818181818181817,0.7375,0.7866666666666667,0.8333333333333334,4.0,5.0,4.7,7.2,3.0,7.333333333333334,1.0,1.0,2.0,5.205555555555556,1.0,2.444655840446235,0.06169578489560815,1,Sogdiana,0.6143924969908597,0.38139235702532903
Sogdiana,370,uz_timurid_emp,1400,7.690196080028514,6.740362689494244,5.176091259055681,6.166666666666667,0.7999999999999999,0.9750000000000001,0.7933333333333333,0.8333333333333334,4.0,7.2,5.0,8.0,3.0,9.8,1.0,1.0,2.0,6.166666666666667,1.0,3.293610069772008,-0.3082681082438112,1,Sogdiana,1.3078795084237256,0.5974534625382183
Sogdiana,370,uz_timurid_emp,1500,7.690196080028514,6.740362689494244,5.176091259055681,6.166666666666667,0.7999999999999999,0.9750000000000001,0.7933333333333333,0.8333333333333334,4.0,7.2,5.0,8.0,3.0,9.8,1.0,1.0,2.0,6.166666666666667,1.0,3.293610069772008,-0.3082681082438112,1,Sogdiana,1.3078795084237256,0.5974534625382183
Middle Ganga,87,in_mauryan_emp,-300,8.0,6.602059991327963,5.431363764158988,6.0,0.7272727272727273,0.9666666666666668,0.7200000000000001,0.8333333333333334,4.0,7.0,5.5,7.733333333333333,3.0,10.36666666666667,1.0,1.0,2.0,6.266666666666667,1.0,3.221762806837496,-0.4478857108540579,2,Middle Ganga,1.560781871199943,0.40084139270979524
Middle Ganga,87,in_mauryan_emp,-200,8.0,6.602059991327963,5.431363764158988,6.0,0.7272727272727273,0.9666666666666668,0.7200000000000001,0.8333333333333334,4.0,7.0,5.5,7.733333333333333,3.0,10.36666666666667,1.0,1.0,2.0,6.266666666666667,1.0,3.221762806837496,-0.4478857108540579,2,Middle Ganga,1.560781871199943,0.40084139270979524
Sogdiana,127,af_kushan_emp,100,7.113943352306837,6.352182518111363,5.176091259055681,4.666666666666667,0.7777777777777778,0.8,0.7333333333333333,0.8333333333333334,4.0,5.4,5.9,8.0,3.0,10.83333333333333,1.0,1.0,2.0,6.188888888888889,1.0,2.423792569371715,-0.03802559059688711,2,Middle Ganga,0.8636496614852394,0.2659947452974952
Sogdiana,127,af_kushan_emp,200,7.161368002234975,6.352182518111363,5.0,4.666666666666667,0.7777777777777778,0.8,0.7333333333333333,0.8333333333333334,4.0,5.4,5.9,8.0,3.0,10.83333333333333,1.0,1.0,2.0,6.188888888888889,1.0,2.370470749939363,-0.00347065718061531,2,Middle Ganga,0.7687683166112383,0.2659947452974952
Sogdiana,127,af_kushan_emp,300,7.161368002234975,6.352182518111363,5.0,4.666666666666667,0.7777777777777778,0.8,0.7333333333333333,0.8333333333333334,4.0,5.4,5.9,8.0,3.0,10.83333333333333,1.0,1.0,2.0,6.188888888888889,1.0,2.370470749939363,-0.00347065718061531,2,Middle Ganga,0.7687683166112383,0.2659947452974952
Kachi Plain,98,in_mughal_emp,1600,8.113943352306837,6.585460729508501,5.602059991327963,5.666666666666667,0.9800000000000001,0.9,0.7333333333333333,0.8333333333333334,4.0,10.0,6.0,8.0,3.0,10.63333333333333,1.0,1.0,2.0,6.938888888888889,1.0,3.50157417384843,-0.3995292922834803,2,Middle Ganga,1.7202530818954347,0.6292791572946181
Kachi Plain,98,in_mughal_emp,1700,8.113943352306837,6.585460729508501,5.602059991327963,5.666666666666667,0.9800000000000001,0.9,0.7333333333333333,0.8333333333333334,4.0,10.0,6.0,8.0,3.0,10.63333333333333,1.0,1.0,2.0,6.938888888888889,1.0,3.50157417384843,-0.3995292922834803,2,Middle Ganga,1.7202530818954347,0.6292791572946181
Kachi Plain,98,in_mughal_emp,1800,8.113943352306837,6.585460729508501,5.602059991327963,5.666666666666667,0.9800000000000001,0.9818181818181819,0.7333333333333333,0.8333333333333334,4.0,10.0,6.0,8.0,3.0,10.63333333333333,1.0,1.0,2.0,6.938888888888889,1.0,3.609553036724896,-0.3192673016865797,2,Middle Ganga,1.7202530818954347,0.7334359764973795
Middle Yellow River Valley,244,cn_western_zhou_dyn,-1100,7.021189299069938,5.929418925714293,5.0,5.166666666666667,0.8500000000000001,0.8444444444444446,0.7,0.3333333333333333,2.0,5.0,5.9,7.8,3.0,8.933333333333334,1.0,0.1,1.1,5.438888888888889,0.125,1.868104112762929,-1.079582341845013,3,Middle Yellow River Valley,0.5133887232738122,0.042625517284988625
Middle Yellow River Valley,244,cn_western_zhou_dyn,-1000,7.021189299069938,5.929418925714293,5.0,5.166666666666667,0.8500000000000001,0.8444444444444446,0.7,0.3333333333333333,2.0,5.0,5.9,7.8,3.0,8.933333333333334,1.0,0.1,1.1,5.438888888888889,0.125,1.868104112762929,-1.079582341845013,3,Middle Yellow River Valley,0.5133887232738122,0.042625517284988625
Middle Yellow River Valley,244,cn_western_zhou_dyn,-900,7.130333768495007,5.929418925714293,5.096910013008056,5.166666666666667,0.8500000000000001,0.8444444444444446,0.7,0.3333333333333333,2.0,5.0,5.9,7.8,3.0,8.933333333333334,1.0,0.1,1.1,5.438888888888889,0.125,1.935528563498209,-1.126106302557259,3,Middle Yellow River Valley,0.6289881603136067,0.042625517284988625
Middle Yellow River Valley,244,cn_western_zhou_dyn,-800,7.130333768495007,5.929418925714293,5.096910013008056,5.166666666666667,0.8500000000000001,0.8444444444444446,0.7,0.3333333333333333,2.0,5.0,5.9,7.8,3.0,8.933333333333334,1.0,0.1,1.1,5.438888888888889,0.125,1.935528563498209,-1.126106302557259,3,Middle Yellow River Valley,0.6289881603136067,0.042625517284988625
Middle Yellow River Valley,253,cn_eastern_han_dyn,100,7.637052883817333,6.812913356642856,5.623249290397901,6.666666666666667,0.7909090909090909,0.9750000000000001,0.8400000000000001,0.8333333333333334,4.0,7.0,5.9,7.8,3.0,9.9,1.0,1.0,2.0,6.266666666666667,0.25,3.602430275758042,-0.4929732161213105,3,Middle Yellow River Valley,1.612901839435007,0.6512035247934704
Middle Yellow River Valley,253,cn_eastern_han_dyn,200,7.751947403027186,6.397940008672037,5.0,6.666666666666667,0.7000000000000001,0.9750000000000001,0.8400000000000001,0.8333333333333334,4.0,7.0,5.9,7.8,3.0,9.9,1.0,1.0,2.0,6.266666666666667,0.25,3.176662194459165,-0.2757165365274508,3,Middle Yellow River Valley,1.0660750207420133,0.5451178756054732
Middle Yellow River Valley,254,cn_western_jin_dyn,300,7.20854516083791,6.653212513775344,5.778151250383644,7.166666666666667,0.781818181818182,0.9400000000000002,0.8933333333333333,0.8333333333333334,3.0,8.0,5.7,7.9,3.0,8.933333333333334,1.0,1.0,2.0,6.088888888888889,1.0,3.596943314281664,-0.4890284600067727,3,Middle Yellow River Valley,1.4434419293105503,0.6695917039860575
Middle Yellow River Valley,258,cn_northern_wei_dyn,400,7.505149978319906,5.698970004336019,5.778151250383644,5.666666666666667,0.61,0.8700000000000001,0.9133333333333334,0.75,4.0,8.0,4.8,8.0,3.0,10.23333333333333,1.0,1.0,2.0,6.338888888888889,1.0,2.776259859529734,-0.3446289279686716,3,Middle Yellow River Valley,1.154299242138955,0.35451732589770324
Middle Yellow River Valley,258,cn_northern_wei_dyn,500,7.505149978319906,6.248708735600918,5.778151250383644,5.666666666666667,0.61,0.8700000000000001,0.9133333333333334,0.75,4.0,8.0,4.8,8.0,3.0,10.23333333333333,1.0,1.0,2.0,6.338888888888889,1.0,2.917247995554961,-0.5090830001175525,3,Middle Yellow River Valley,1.4009546698722282,0.35451732589770324
Middle Yellow River Valley,260,cn_sui_dyn,600,7.662757831681574,6.484299839346786,5.698970004336019,5.0,0.7454545454545454,0.890909090909091,0.9066666666666667,0.8333333333333334,4.0,7.0,5.600000000000001,7.9,3.0,10.23333333333333,1.0,1.0,2.0,6.288888888888889,0.5,3.153592917736865,-0.2027027963414038,3,Middle Yellow River Valley,1.527864006542367,0.5830515319817869
Middle Yellow River Valley,261,cn_tang_dyn_1,700,7.568201724066995,6.704750904290671,6.0,7.0,0.9,0.9500000000000001,0.9133333333333334,0.8333333333333334,4.0,8.0,5.7,7.8,3.0,10.66666666666667,1.0,1.0,2.0,6.527777777777779,0.5,3.951467791512639,-0.5320575729150873,3,Middle Yellow River Valley,1.7826572807141545,0.8478155946218935
Middle Yellow River Valley,264,cn_tang_dyn_2,800,7.676693609624866,6.510946948672973,6.0,5.5,0.990909090909091,0.9666666666666667,0.9,0.8333333333333334,4.0,8.1,5.7,7.8,3.0,10.66666666666667,1.0,1.0,2.0,6.544444444444444,0.5,3.77580049271687,-0.1948687896377453,3,Middle Yellow River Valley,1.74654675915893,0.956730194454905
Middle Yellow River Valley,264,cn_tang_dyn_2,900,7.845098040014257,6.176091259055681,6.0,5.5,0.990909090909091,0.9666666666666667,0.9,0.8333333333333334,4.0,8.1,5.7,7.8,3.0,10.66666666666667,1.0,1.0,2.0,6.544444444444444,0.5,3.737338045519988,-0.1289482819111523,3,Middle Yellow River Valley,1.6752276379462856,0.956730194454905
Middle Yellow River Valley,425,cn_northern_song_dyn,1000,7.903089986991944,6.472244352673473,5.698970004336019,7.833333333333333,0.990909090909091,0.9916666666666667,0.9333333333333333,1.0,4.0,9.0,5.9,8.0,3.0,9.533333333333333,1.0,1.0,2.0,6.572222222222222,1.0,4.407336868952091,-0.1020621145491808,3,Middle Yellow River Valley,1.6350871776336573,1.1406119863807687
Middle Yellow River Valley,425,cn_northern_song_dyn,1100,7.903089986991944,6.361727836017593,6.0,7.833333333333333,0.990909090909091,0.9916666666666667,0.9333333333333333,1.0,4.0,9.0,5.9,8.0,3.0,9.533333333333333,1.0,1.0,2.0,6.572222222222222,1.0,4.49297452969475,-0.1445624560756263,3,Middle Yellow River Valley,1.7856966572089388,1.1406119863807687
Middle Yellow River Valley,268,cn_yuan_dyn,1300,7.861806133250878,7.243038048686294,5.903089986991944,7.0,1.0,0.9090909090909091,0.9333333333333333,1.0,4.0,10.0,6.0,6.0,3.0,9.3,1.0,1.0,2.0,6.383333333333333,0.5,4.418482143760301,-0.3121722365891931,3,Middle Yellow River Valley,2.0973243561869674,1.046099317104188
Middle Yellow River Valley,269,cn_ming_dyn,1400,7.803266216296478,6.5910646070265,5.176091259055681,6.333333333333333,0.7272727272727273,0.9083333333333333,0.9333333333333333,1.0,4.0,10.0,5.0,7.6,3.0,11.66666666666667,1.0,1.0,2.0,6.877777777777777,0.125,3.487570425409515,0.06890224081101196,3,Middle Yellow River Valley,1.2938833803904812,0.7268779545475758
Middle Yellow River Valley,269,cn_ming_dyn,1500,7.706792007073972,6.658011396657113,5.827369273053825,6.333333333333333,0.7272727272727273,0.9083333333333333,0.9333333333333333,1.0,4.0,10.0,5.0,7.6,3.0,11.66666666666667,1.0,1.0,2.0,6.877777777777777,0.125,3.724174672659847,-0.09497996466103573,3,Middle Yellow River Valley,1.7118313221904675,0.7268779545475758
Middle Yellow River Valley,269,cn_ming_dyn,1600,8.0,6.562887381293879,5.848804701051804,6.333333333333333,0.8181818181818182,0.9083333333333333,0.9333333333333333,1.0,4.0,10.0,5.0,7.6,3.0,11.66666666666667,1.0,1.0,2.0,6.877777777777777,0.125,3.90615740988423,-0.09158351680854934,3,Middle Yellow River Valley,1.8208192173023474,0.8329636037355739
Middle Yellow River Valley,1,cn_qing_dyn_1,1700,8.079181246047625,7.117271295655764,5.872389388417821,8.0,0.8999999999999999,0.9916666666666667,0.9333333333333333,1.0,4.0,10.0,4.0,7.4,3.0,11.66666666666667,1.0,1.0,2.0,6.677777777777777,0.125,4.603257750158713,-0.4423861330969453,3,Middle Yellow River Valley,2.1223519651162697,1.03452633719277
Middle Yellow River Valley,2,cn_qing_dyn_2,1800,8.469822015978163,7.05307844348342,5.949825059090825,7.833333333333333,0.9181818181818181,1.0,0.8666666666666667,1.0,4.0,10.0,5.0,6.0,3.0,12.0,1.0,1.0,2.0,6.666666666666667,0.125,4.65133875397728,-0.5158682752037087,3,Middle Yellow River Valley,2.3281222385243074,0.974411135986238
Orkhon Valley,442,mn_mongol_early,1000,5.0,4.903089986991944,2.698970004336019,2.666666666666667,0.3545454545454546,0.0,0.1333333333333333,0.1666666666666667,3.0,5.0,5.0,6.0,3.0,4.833333333333333,1.0,1.0,2.0,4.472222222222222,0.25,-2.893733145544622,-1.133373320942249,5,Orkhon Valley,-2.4246044734761365,-2.4981257807675656
Orkhon Valley,442,mn_mongol_early,1100,5.0,4.903089986991944,2.698970004336019,2.666666666666667,0.3545454545454546,0.0,0.1333333333333333,0.1666666666666667,3.0,5.0,5.0,6.0,3.0,4.833333333333333,1.0,1.0,2.0,4.472222222222222,0.25,-2.893733145544622,-1.133373320942249,5,Orkhon Valley,-2.4246044734761365,-2.4981257807675656
Orkhon Valley,442,mn_mongol_early,1200,5.0,4.903089986991944,2.698970004336019,2.666666666666667,0.3636363636363636,0.0,0.1333333333333333,0.1666666666666667,3.0,5.0,5.0,6.0,3.0,4.833333333333333,1.0,1.0,2.0,4.472222222222222,0.25,-2.88216247283211,-1.129377764351145,5,Orkhon Valley,-2.4246044734761365,-2.4875172158487655
Middle Yellow River Valley,2,cn_qing_dyn_2,1800,8.469822015978163,7.05307844348342,5.949825059090825,7.833333333333333,0.9181818181818181,1.0,0.8666666666666667,1.0,4.0,10.0,5.0,6.0,3.0,12.0,1.0,1.0,2.0,6.666666666666667,0.125,4.65133875397728,-0.5158682752037087,5,Orkhon Valley,2.3281222385243074,0.974411135986238
North Colombia,436,co_tairona,1100,3.212320803141976,2.176091259055681,2.176091259055681,1.833333333333333,0.2333333333333333,0.975,0.06,0.5,1.8,4.0,1.3,0.4,0.0,1.5,0.0,0.1,0.1,1.5,1.0,-3.029852986796035,1.981070952819883,6,North Colombia,-4.833680549735129,-1.287334904701881
North Colombia,436,co_tairona,1200,3.212320803141976,2.176091259055681,3.317018101048112,1.833333333333333,0.2333333333333333,0.975,0.06,0.5,1.8,4.0,1.3,0.4,0.0,1.5,0.0,0.1,0.1,1.5,1.0,-2.597855633047143,1.694687800169225,6,North Colombia,-4.074923219539123,-1.287334904701881
North Colombia,436,co_tairona,1300,3.212320803141976,2.176091259055681,3.317018101048112,1.833333333333333,0.2333333333333333,0.975,0.06,0.5,1.8,4.0,1.3,0.4,0.0,1.5,0.0,0.1,0.1,1.5,1.0,-2.597855633047143,1.694687800169225,6,North Colombia,-4.074923219539123,-1.287334904701881
North Colombia,436,co_tairona,1400,3.880813592280791,2.176091259055681,3.602059991327963,2.333333333333333,0.3222222222222222,0.975,0.06,0.5,1.8,4.0,1.3,0.4,0.0,1.5,0.0,0.1,0.1,1.5,1.0,-2.095697274516773,1.44205120099145,6,North Colombia,-3.572069496776338,-1.183606714384727
North Colombia,436,co_tairona,1500,3.880813592280791,2.176091259055681,3.602059991327963,3.5,0.3222222222222222,0.975,0.06,0.5,1.8,4.0,1.3,0.4,0.0,1.5,0.0,0.1,0.1,1.5,1.0,-1.878989841707945,1.245601241632382,6,North Colombia,-3.572069496776338,-1.183606714384727
Lowland Andes,196,ec_shuar_1,1600,2.477121254719663,1.204119982655925,2.477121254719663,1.833333333333333,0.0,0.08333333333333333,0.0,0.5,1.0,4.0,3.0,3.0,0.0,4.0,0.0,0.1,0.1,2.5,0.0009765625,-4.916051478602525,1.334321028947371,7,Lowland Andes,-5.414139380298884,-2.7774846569626273
Lowland Andes,196,ec_shuar_1,1700,2.477121254719663,1.204119982655925,2.477121254719663,1.833333333333333,0.0,0.08333333333333333,0.0,0.5,1.0,1.0,3.0,3.0,0.0,4.0,0.0,0.1,0.1,2.0,0.0009765625,-4.916051478602525,1.334321028947371,7,Lowland Andes,-5.414139380298884,-2.7774846569626273
Lowland Andes,196,ec_shuar_1,1800,2.477121254719663,1.204119982655925,2.477121254719663,1.833333333333333,0.0,0.08333333333333333,0.0,0.5,1.0,1.0,3.0,3.0,0.0,4.0,0.0,0.1,0.1,2.0,0.0009765625,-4.916051478602525,1.334321028947371,7,Lowland Andes,-5.414139380298884,-2.7774846569626273
Upper Egypt,511,eg_naqada_1,-3800,4.113943352306837,1.096910013008056,2.096910013008056,1.5,0.09999999999999999,0.3181818181818182,0.1533333333333334,0.5,0.0,4.0,2.0,0.5,0.3,1.4,0.1,0.0,0.1,1.366666666666666,1.0,-4.072070148293951,1.546843109918912,8,Upper Egypt,-4.947995914886263,-2.1503577344294555
Upper Egypt,511,eg_naqada_1,-3700,4.113943352306837,3.795880017344075,3.176091259055681,1.5,0.09999999999999999,0.3181818181818182,0.1533333333333334,0.5,0.0,4.0,2.0,0.5,0.3,1.4,0.1,0.0,0.1,1.366666666666666,1.0,-2.971263615903052,0.4685631163154821,8,Upper Egypt,-3.0193343715404026,-2.1503577344294555
Upper Egypt,511,eg_naqada_1,-3600,4.113943352306837,3.795880017344075,4.113943352306837,1.833333333333333,0.09999999999999999,0.3181818181818182,0.1533333333333334,0.5,0.0,4.0,2.0,0.5,0.3,1.4,0.1,0.0,0.1,1.366666666666666,1.0,-2.554241508617012,0.1770250374130099,8,Upper Egypt,-2.395629043378175,-2.1503577344294555
Upper Egypt,512,eg_naqada_2,-3500,4.113943352306837,4.096910013008056,4.0,2.333333333333333,0.06363636363636363,0.34,0.3133333333333332,0.5,0.0,4.0,3.2,3.0,0.0,1.233333333333333,0.0,0.0,0.0,1.905555555555556,1.0,-2.257725490186127,0.1280658038366774,8,Upper Egypt,-2.3363400640390264,-1.9443586920062157
Upper Egypt,512,eg_naqada_2,-3400,4.698970004336019,4.096910013008056,4.0,2.333333333333333,0.1545454545454546,0.34,0.3133333333333332,0.5,0.0,4.0,4.199999999999999,3.0,0.0,1.233333333333333,0.0,0.0,0.0,2.072222222222222,1.0,-1.977298673970419,0.04903408197057937,8,Upper Egypt,-2.062166026737766,-1.8382730428182177
Upper Egypt,512,eg_naqada_2,-3300,4.698970004336019,4.096910013008056,4.0,2.333333333333333,0.1545454545454546,0.34,0.3133333333333332,0.5,0.0,4.0,4.199999999999999,3.0,0.0,1.233333333333333,0.0,0.0,0.0,2.072222222222222,1.0,-1.977298673970419,0.04903408197057937,8,Upper Egypt,-2.062166026737766,-1.8382730428182177
Upper Egypt,514,eg_dynasty_1,-3100,6.0,4.903089986991944,4.113943352306837,4.0,0.1545454545454546,0.7272727272727273,0.5866666666666667,0.45,0.0,4.0,3.3,3.0,0.3,7.366666666666667,0.1,0.0,0.1,2.994444444444445,1.0,-0.2767176089750558,-0.3504968200190591,8,Upper Egypt,-1.0149441567927948,-1.0001321199001914
Upper Egypt,514,eg_dynasty_1,-3000,6.0,4.903089986991944,4.113943352306837,4.0,0.1545454545454546,0.7272727272727273,0.5866666666666667,0.45,0.0,4.0,3.3,3.0,0.3,7.366666666666667,0.1,0.0,0.1,2.994444444444445,1.0,-0.2767176089750558,-0.3504968200190591,8,Upper Egypt,-1.0149441567927948,-1.0001321199001914
Upper Egypt,514,eg_dynasty_1,-2900,6.0,4.903089986991944,4.113943352306837,4.0,0.1545454545454546,0.7272727272727273,0.5866666666666667,0.45,0.0,4.0,3.3,3.0,0.3,7.366666666666667,0.1,0.0,0.1,2.994444444444445,1.0,-0.2767176089750558,-0.3504968200190591,8,Upper Egypt,-1.0149441567927948,-1.0001321199001914
Upper Egypt,515,eg_dynasty_2,-2900,6.060697840353612,5.0,4.113943352306837,3.833333333333333,0.1636363636363637,0.7272727272727273,0.6533333333333332,0.45,0.0,4.0,4.2,3.0,0.9,10.66666666666667,0.1,0.0,0.1,3.794444444444444,0.31640625,-0.1762154727731053,-0.321745775752858,8,Upper Egypt,-0.9430166320408828,-0.8975826590184601
Upper Egypt,515,eg_dynasty_2,-2800,6.060697840353612,5.426511261364575,4.113943352306837,3.833333333333333,0.1636363636363637,0.7272727272727273,0.6533333333333332,0.45,0.0,4.0,4.2,3.0,0.9,10.66666666666667,0.1,0.0,0.1,3.794444444444444,0.31640625,-0.06683073359855397,-0.4493364106484032,8,Upper Egypt,-0.751650603740715,-0.8975826590184601
Upper Egypt,515,eg_dynasty_2,-2700,6.060697840353612,5.477121254719663,4.113943352306837,3.833333333333333,0.1636363636363637,0.7272727272727273,0.6533333333333332,0.45,0.0,4.0,4.2,3.0,0.9,10.66666666666667,0.1,0.0,0.1,3.794444444444444,0.31640625,-0.05385109759771229,-0.4644763653674776,8,Upper Egypt,-0.7289430358568686,-0.8975826590184601
Upper Egypt,516,eg_old_k_1,-2600,6.096910013008056,5.32735893438633,4.698970004336019,5.5,0.5800000000000001,0.6583333333333333,0.8400000000000001,0.45,1.8,4.0,5.0,3.0,1.0,4.366666666666667,0.0,0.0,0.0,3.194444444444445,0.31640625,1.106233564018009,-0.6326861267815475,8,Upper Egypt,-0.3901033751942913,-0.24203764136947284
Upper Egypt,516,eg_old_k_1,-2500,6.096910013008056,5.32735893438633,4.698970004336019,5.5,0.5800000000000001,0.6583333333333333,0.8400000000000001,0.45,1.8,4.0,5.0,3.0,1.0,4.366666666666667,0.0,0.0,0.0,3.194444444444445,0.31640625,1.106233564018009,-0.6326861267815475,8,Upper Egypt,-0.3901033751942913,-0.24203764136947284
Upper Egypt,516,eg_old_k_1,-2400,6.096910013008056,5.32735893438633,4.698970004336019,5.5,0.5800000000000001,0.6583333333333333,0.8400000000000001,0.45,1.8,4.0,5.0,3.0,1.0,4.366666666666667,0.0,0.0,0.0,3.194444444444445,0.31640625,1.106233564018009,-0.6326861267815475,8,Upper Egypt,-0.3901033751942913,-0.24203764136947284
Upper Egypt,517,eg_old_k_2,-2300,6.176091259055681,5.273001272063738,4.602059991327963,5.5,0.5700000000000001,0.6666666666666666,0.86,0.45,1.8,4.0,4.9,3.0,1.0,3.366666666666667,0.0,0.0,0.0,3.011111111111111,0.5625,1.099547126200527,-0.5930164347595756,8,Upper Egypt,-0.44183261103527294,-0.2155162290724739
Upper Egypt,517,eg_old_k_2,-2200,6.176091259055681,5.273001272063738,4.602059991327963,5.5,0.5700000000000001,0.6666666666666666,0.86,0.45,1.8,4.0,4.9,3.0,1.0,3.366666666666667,0.0,0.0,0.0,3.011111111111111,0.5625,1.099547126200527,-0.5930164347595756,8,Upper Egypt,-0.44183261103527294,-0.2155162290724739
Upper Egypt,519,eg_middle_k,-2000,6.301029995663981,5.376576957056512,4.477121254719663,5.166666666666667,0.6,0.7416666666666667,0.8,0.45,2.0,4.0,5.0,3.0,1.0,9.666666666666668,0.1,0.0,0.1,4.111111111111112,0.75,1.119078177925546,-0.5093881956883919,8,Upper Egypt,-0.4198964579123292,-0.16777768693787495
Upper Egypt,519,eg_middle_k,-1900,6.301029995663981,5.615950051656401,4.477121254719663,5.166666666666667,0.6,0.7416666666666667,0.8,0.45,2.0,4.0,5.0,3.0,1.0,9.666666666666668,0.1,0.0,0.1,4.111111111111112,0.75,1.180468734025852,-0.5809965396725489,8,Upper Egypt,-0.3124951240086385,-0.16777768693787495
Upper Egypt,519,eg_middle_k,-1800,6.301029995663981,5.653212513775344,4.477121254719663,5.166666666666667,0.6,0.7416666666666667,0.8,0.45,2.0,4.0,5.0,3.0,1.0,9.666666666666668,0.1,0.0,0.1,4.111111111111112,0.75,1.190025210182757,-0.5921435869610923,8,Upper Egypt,-0.295776293754137,-0.16777768693787495
Upper Egypt,519,eg_middle_k,-1700,6.301029995663981,5.653212513775344,4.477121254719663,5.166666666666667,0.6,0.7416666666666667,0.8,0.45,2.0,4.0,5.0,3.0,1.0,9.666666666666668,0.1,0.0,0.1,4.111111111111112,0.75,1.190025210182757,-0.5921435869610923,8,Upper Egypt,-0.295776293754137,-0.16777768693787495
Upper Egypt,198,eg_new_k_1,-1500,6.593839661081272,5.812913356642856,4.812913356642856,5.833333333333333,0.6900000000000001,0.75,0.86,0.45,2.0,5.0,4.9,6.1,3.0,,1.0,0.1,1.1,3.5,1.0,1.760101001594313,-0.8140608287954899,8,Upper Egypt,0.13641759700903702,0.030602477043681926
Upper Egypt,198,eg_new_k_1,-1400,6.593839661081272,5.954242509439325,4.812913356642856,5.833333333333333,0.6900000000000001,0.75,0.86,0.45,2.0,5.0,4.9,6.1,3.0,,1.0,0.1,1.1,3.5,1.0,1.796346826539104,-0.8563393756194562,8,Upper Egypt,0.19982881519623935,0.030602477043681926
Upper Egypt,198,eg_new_k_1,-1300,6.593839661081272,6.0,4.812913356642856,5.833333333333333,0.6900000000000001,0.75,0.86,0.45,2.0,5.0,4.9,6.1,3.0,,1.0,0.1,1.1,3.5,1.0,1.808081970774799,-0.8700277065047525,8,Upper Egypt,0.22035917400918972,0.030602477043681926
Upper Egypt,199,eg_new_k_2,-1200,6.397940008672037,5.872738827472669,5.439332693830263,5.833333333333333,0.6900000000000001,0.9,0.8666666666666667,0.5,2.0,5.0,4.9,5.0,3.0,8.166666666666666,1.0,0.1,1.1,4.677777777777777,1.0,2.219123443728273,-0.6780786241856153,8,Upper Egypt,0.48804249561946467,0.2625764299347709
Upper Egypt,199,eg_new_k_2,-1100,6.397940008672037,5.753583058892906,5.439332693830263,5.833333333333333,0.6900000000000001,0.9,0.8666666666666667,0.5,2.0,5.0,4.9,5.0,3.0,8.166666666666666,1.0,0.1,1.1,4.677777777777777,1.0,2.188564291255862,-0.6424332343876581,8,Upper Egypt,0.4345799771640093,0.2625764299347709
Upper Egypt,521,eg_kushite,-700,6.439332693830263,5.812913356642856,4.812913356642856,4.833333333333333,0.5777777777777777,0.8,0.8266666666666668,0.45,3.0,4.5,3.0,6.300000000000001,3.0,8.4,1.0,1.0,2.0,4.7,1.0,1.415029518909787,-0.633537743883819,8,Upper Egypt,0.06400756431146709,-0.08267342170039123
Upper Egypt,203,eg_saite,-600,6.332438459915606,5.544068044350276,4.698970004336019,5.5,0.6545454545454544,0.9777777777777779,0.8333333333333335,0.5,3.0,4.5,3.699999999999999,7.2,3.0,,1.0,1.0,2.0,3.566666666666666,1.0,1.792691485939887,-0.2827660165250392,8,Upper Egypt,-0.18248993367824753,0.27424585134545076
Susiana,107,ir_achaemenid_emp,-500,7.361727836017593,6.711807229041191,5.301029995663981,6.5,0.990909090909091,0.9727272727272728,0.8866666666666667,0.8333333333333334,3.0,7.0,4.1,7.6,3.0,11.13333333333333,1.0,1.0,2.0,5.972222222222221,1.0,3.652134625722199,-0.1854936781038575,8,Upper Egypt,1.2242186911284898,0.946057335203264
Susiana,107,ir_achaemenid_emp,-400,7.414973347970818,6.608793373986931,5.301029995663981,6.5,0.990909090909091,0.9727272727272728,0.8866666666666667,0.8333333333333334,3.0,7.0,4.1,7.6,3.0,11.13333333333333,1.0,1.0,2.0,5.972222222222221,1.0,3.640707096233975,-0.1655066217367026,8,Upper Egypt,1.202952314111165,0.946057335203264
Upper Egypt,205,eg_inter_occupation,-400,6.439332693830263,5.740362689494244,4.8750612633917,5.333333333333333,0.6454545454545454,0.8583333333333334,0.8933333333333334,0.8333333333333334,3.0,4.5,2.9,7.2,2.7,,0.9,1.0,1.9,3.383333333333333,1.0,2.182428135432987,0.3358428373723848,8,Upper Egypt,0.07278629888027446,0.406499293999822
Upper Egypt,109,eg_ptolemaic_k_1,-300,6.845098040014257,6.0,5.204119982655925,7.0,0.9,0.9166666666666666,0.9800000000000001,0.8333333333333334,3.0,8.0,4.1,7.6,3.0,,1.0,1.0,2.0,4.283333333333333,0.125,3.299732065573652,0.03093966874081259,8,Upper Egypt,0.5982784280765012,0.8973222309096263
Upper Egypt,207,eg_ptolemaic_k_2,-200,6.602059991327963,5.920645001406788,5.477121254719663,6.5,0.8181818181818182,0.9166666666666666,0.9800000000000001,0.8333333333333334,3.0,8.0,4.1,8.0,3.0,,1.0,1.0,2.0,4.350000000000001,0.125,3.11730835775043,0.08381664843961127,8,Upper Egypt,0.6303289530671039,0.8018451466404278
Upper Egypt,207,eg_ptolemaic_k_2,-100,6.602059991327963,5.571708831808688,5.698970004336019,6.5,0.8181818181818182,0.9166666666666666,0.9800000000000001,0.8333333333333334,3.0,8.0,4.1,8.0,3.0,,1.0,1.0,2.0,4.350000000000001,0.125,3.111819019840472,0.1325146518215239,8,Upper Egypt,0.6213065139212101,0.8018451466404278
Latium,70,it_roman_principate,0,7.698970004336019,6.653212513775344,6.0,8.166666666666666,0.6454545454545454,0.9916666666666667,0.8666666666666667,0.8333333333333334,4.0,7.0,2.9,8.0,3.0,11.66666666666667,1.0,1.0,2.0,6.094444444444444,0.1875,3.868225034856838,-0.8373068383423888,8,Upper Egypt,1.8208180062878754,0.539459974315446
Latium,70,it_roman_principate,100,7.740362689494244,6.763427993562937,6.041392685158225,8.166666666666666,0.6454545454545454,0.9916666666666667,0.8666666666666667,0.8333333333333334,4.0,7.0,2.9,8.0,3.0,11.66666666666667,1.0,1.0,2.0,6.094444444444444,0.1875,3.923818660146249,-0.8890864580558385,8,Upper Egypt,1.9171956139051216,0.539459974315446
Latium,70,it_roman_principate,200,7.795880017344075,6.698970004336019,6.0,8.166666666666666,0.6454545454545454,0.9916666666666667,0.8666666666666667,0.8333333333333334,4.0,7.0,2.9,8.0,3.0,11.66666666666667,1.0,1.0,2.0,6.094444444444444,0.1875,3.907246159861252,-0.870705484247147,8,Upper Egypt,1.8867654575173456,0.539459974315446
Konya Plain,71,tr_roman_dominate,300,7.740362689494244,6.628388930050312,5.903089986991944,7.5,0.8272727272727273,0.9916666666666667,0.86,0.8333333333333334,4.0,7.0,2.8,6.8,3.0,10.16666666666667,1.0,1.0,2.0,5.627777777777777,0.1875,3.936605537390025,-0.6256087841344401,8,Upper Egypt,1.7646303556817646,0.7424371830951491
Konya Plain,72,tr_east_roman_emp,400,7.176091259055681,6.113943352306837,5.477121254719663,7.666666666666667,0.9090909090909091,0.9166666666666666,0.9266666666666666,0.8333333333333334,4.0,7.0,6.0,8.0,3.0,11.66666666666667,1.0,1.0,2.0,6.611111111111112,1.0,3.598564261384611,-0.277675405719948,8,Upper Egypt,0.9860786098711856,0.8343780790580804
Konya Plain,72,tr_east_roman_emp,500,7.301029995663981,6.146128035678238,5.698970004336019,7.666666666666667,0.9090909090909091,0.9166666666666666,0.9266666666666666,0.8333333333333334,4.0,7.0,6.0,8.0,3.0,11.66666666666667,1.0,1.0,2.0,6.611111111111112,1.0,3.725996409199662,-0.3684005344430716,8,Upper Egypt,1.206609357602661,0.8343780790580804
Konya Plain,72,tr_east_roman_emp,600,7.138302698166282,6.217483944213907,5.301029995663981,7.666666666666667,0.9090909090909091,0.9166666666666666,0.9266666666666666,0.8333333333333334,4.0,7.0,6.0,8.0,3.0,11.66666666666667,1.0,1.0,2.0,6.611111111111112,1.0,3.547804235955578,-0.2567632615763129,8,Upper Egypt,0.8977182440802299,0.8343780790580804
Southern Mesopotamia,131,sy_umayyad_cal,700,7.447158031342219,6.954242509439325,5.477121254719663,4.833333333333333,0.6363636363636364,0.990909090909091,0.9266666666666666,0.8333333333333334,4.0,8.0,3.0,7.0,3.0,10.33333333333333,1.0,1.0,2.0,5.888888888888888,1.0,3.114963368233648,-0.1541257777732701,8,Upper Egypt,1.4901380216582627,0.6106338007706665
Southern Mesopotamia,132,iq_abbasid_cal_1,800,7.447158031342219,6.919078092376074,5.845098040014257,6.0,0.4545454545454545,0.9833333333333334,0.9333333333333333,0.8333333333333334,4.0,7.0,4.0,7.6,3.0,10.0,1.0,1.0,2.0,5.933333333333334,1.0,3.228365169744032,-0.5159619820339706,8,Upper Egypt,1.7190783164812922,0.39801244206478237
Southern Mesopotamia,132,iq_abbasid_cal_1,900,7.0,6.0,5.954242509439325,6.0,0.4545454545454545,0.9833333333333334,0.9333333333333333,0.8333333333333334,4.0,7.0,4.0,7.6,3.0,10.0,1.0,1.0,2.0,5.933333333333334,1.0,2.908079176095584,-0.1774699973291842,8,Upper Egypt,1.1697319985095764,0.39801244206478237
Upper Egypt,361,eg_thulunid_ikhshidid,900,6.812913356642856,5.954242509439325,5.176091259055681,5.666666666666667,0.59,0.9,0.9000000000000001,0.8333333333333334,4.0,7.2,4.5,6.300000000000001,3.0,10.33333333333333,1.0,1.0,2.0,5.888888888888888,1.0,2.510566214054459,0.08449314491924069,8,Upper Egypt,0.544024538116625,0.40402396218543546
Upper Egypt,221,tn_fatimid_cal,1000,7.130333768495007,6.146128035678238,5.079181246047625,6.666666666666667,0.8999999999999999,0.9,0.9333333333333333,0.8333333333333334,4.0,7.0,5.9,6.1,3.0,10.66666666666667,1.0,1.0,2.0,6.111111111111112,1.0,3.231739070531108,-0.0262671553093435,8,Upper Egypt,0.7144304062731416,0.8117464738979738
Upper Egypt,221,tn_fatimid_cal,1100,6.602059991327963,5.800029359244134,5.079181246047625,6.666666666666667,0.8999999999999999,0.9,0.9333333333333333,0.8333333333333334,4.0,7.0,5.9,6.1,3.0,10.66666666666667,1.0,1.0,2.0,6.111111111111112,1.0,2.994236504956743,0.1847125392167114,8,Upper Egypt,0.3115670229706108,0.8117464738979738
Upper Egypt,367,eg_ayyubid_sultanate,1200,6.966141732739032,6.2027606873932,5.301029995663981,5.833333333333333,0.8,0.9090909090909091,0.9333333333333333,0.8333333333333334,4.0,7.0,5.9,7.0,3.0,10.63333333333333,1.0,1.0,2.0,6.255555555555556,1.0,3.013962814853928,0.03978806792917814,8,Upper Egypt,0.8104286311880476,0.7066252397025944
Upper Egypt,232,eg_mamluk_sultanate_1,1300,6.740362689494244,6.32221929473392,5.544068044350276,7.5,0.8181818181818182,0.9916666666666667,0.9266666666666666,0.8333333333333334,4.0,8.0,5.0,7.1,3.0,10.66666666666667,1.0,1.0,2.0,6.294444444444444,1.0,3.506960033883026,-0.2064812294989813,8,Upper Egypt,0.9198442094115664,0.8237695141392806
Upper Egypt,236,eg_mamluk_sultanate_2,1400,6.544068044350276,6.32221929473392,5.397940008672037,7.5,0.8181818181818182,0.9083333333333333,0.9333333333333333,0.8333333333333334,4.0,8.0,5.0,7.0,3.0,10.66666666666667,1.0,1.0,2.0,6.277777777777779,1.0,3.294177902434583,-0.207823432987636,8,Upper Egypt,0.7306698964269486,0.7268779545475758
Upper Egypt,239,eg_mamluk_sultanate_3,1500,6.505149978319906,6.32221929473392,5.439332693830263,6.833333333333333,0.8181818181818182,0.8833333333333334,0.9266666666666666,0.8333333333333334,4.0,10.0,5.0,7.1,3.0,10.66666666666667,1.0,1.0,2.0,6.627777777777777,1.0,3.134272016668791,-0.1263679949801148,8,Upper Egypt,0.739958480901593,0.6858581701948836
Konya Plain,175,tr_ottoman_emp_2,1600,7.447158031342219,6.684486292188734,5.829303772831025,8.166666666666666,1.0,0.9166666666666666,0.9333333333333333,0.8333333333333334,4.0,10.0,5.9,8.0,3.0,10.66666666666667,1.0,1.0,2.0,6.927777777777777,1.0,4.170934792327341,-0.632320355649071,8,Upper Egypt,1.6033184870643835,0.9496578178423718
Konya Plain,176,tr_ottoman_emp_3,1700,7.380211241711606,6.691965102767361,5.845098040014257,8.166666666666666,1.0,0.9166666666666666,0.8866666666666668,0.8333333333333334,4.0,10.0,4.8,8.0,3.0,10.16666666666667,1.0,1.0,2.0,6.661111111111111,1.0,4.105421631561432,-0.6515248779978345,8,Upper Egypt,1.5858030551010194,0.88529919066832
Konya Plain,176,tr_ottoman_emp_3,1800,7.380211241711606,6.673020907128897,5.755874855672491,8.166666666666666,1.0,0.9166666666666666,0.8866666666666668,0.8333333333333334,4.0,10.0,4.8,8.0,3.0,10.16666666666667,1.0,1.0,2.0,6.661111111111111,1.0,4.066779911978555,-0.6234618895610723,8,Upper Egypt,1.5179665974512202,0.88529919066832
Yemeni Coastal Plain,208,et_aksum_emp_1,-100,5.740362689494244,5.544068044350276,5.009663316679379,4.5,0.6125,0.8428571428571429,0.6066666666666668,0.6666666666666666,4.0,,,,,,,1.0,,,0.03125,1.247605411131647,0.0490038196208725,9,Yemeni Coastal Plain,-0.2533453436235827,-0.1530898762229171
Yemeni Coastal Plain,208,et_aksum_emp_1,0,5.740362689494244,5.544068044350276,5.009663316679379,4.5,0.6125,0.8428571428571429,0.6066666666666668,0.6666666666666666,4.0,,,,,,,1.0,,,0.03125,1.247605411131647,0.0490038196208725,9,Yemeni Coastal Plain,-0.2533453436235827,-0.1530898762229171
Yemeni Coastal Plain,208,et_aksum_emp_1,100,5.740362689494244,5.544068044350276,5.009663316679379,4.5,0.6125,0.8428571428571429,0.6066666666666668,0.6666666666666666,4.0,,,,,,,1.0,,,0.03125,1.247605411131647,0.0490038196208725,9,Yemeni Coastal Plain,-0.2533453436235827,-0.1530898762229171
Yemeni Coastal Plain,208,et_aksum_emp_1,200,5.740362689494244,5.544068044350276,5.009663316679379,4.5,0.7125,0.8428571428571429,0.6066666666666668,0.6666666666666666,4.0,,,,,,,1.0,,,0.03125,1.374882810969282,0.09295494212302247,9,Yemeni Coastal Plain,-0.2533453436235827,-0.03639566211611914
Yemeni Coastal Plain,208,et_aksum_emp_1,300,5.740362689494244,5.544068044350276,5.009663316679379,4.5,0.7125,0.8428571428571429,0.6066666666666668,0.8333333333333334,4.0,,,,,,,1.0,,,0.03125,1.561200764263883,0.4940306398648792,9,Yemeni Coastal Plain,-0.2533453436235827,0.06968998707187905
Yemeni Coastal Plain,353,ye_himyar_1,300,5.602059991327963,5.477121254719663,4.301029995663981,4.666666666666667,0.6545454545454544,0.9500000000000001,0.5399999999999999,0.8333333333333334,4.0,4.5,4.0,6.8,3.0,9.0,1.0,1.0,2.0,5.216666666666667,0.03125,1.257426275268424,0.7336023595220669,9,Yemeni Coastal Plain,-0.819465342778529,0.04651532442188108
Yemeni Coastal Plain,354,ye_himyar_2,400,5.602059991327963,5.477121254719663,4.301029995663981,4.666666666666667,0.5636363636363636,0.78,0.5399999999999999,0.8333333333333334,4.0,4.5,4.0,6.8,3.0,9.0,1.0,1.0,2.0,5.216666666666667,0.03125,0.9173634663888651,0.5268802131485726,9,Yemeni Coastal Plain,-0.819465342778529,-0.2759850491096328
Susiana,130,ir_sassanid_emp_2,500,6.949390006644913,6.540954808926132,5.602059991327963,6.666666666666667,0.5181818181818182,0.99,0.7799999999999999,0.8333333333333334,4.0,7.0,3.9,8.0,3.0,11.33333333333333,1.0,0.9,1.9,6.205555555555556,1.0,2.933566172091019,-0.4058122875641046,9,Yemeni Coastal Plain,1.1545137675272028,0.2692951877166772
Yemeni Coastal Plain,354,ye_himyar_2,500,5.602059991327963,5.477121254719663,4.301029995663981,4.666666666666667,0.5636363636363636,0.78,0.5399999999999999,0.8333333333333334,4.0,4.5,4.0,6.8,3.0,9.0,1.0,1.0,2.0,5.216666666666667,0.03125,0.9173634663888651,0.5268802131485726,9,Yemeni Coastal Plain,-0.819465342778529,-0.2759850491096328
Susiana,130,ir_sassanid_emp_2,600,7.103803720955957,6.444044795918076,5.698970004336019,6.666666666666667,0.6090909090909091,0.99,0.7799999999999999,0.8333333333333334,4.0,7.0,3.9,8.0,3.0,11.33333333333333,1.0,0.9,1.9,6.205555555555556,1.0,3.10458943801611,-0.3925973118894461,9,Yemeni Coastal Plain,1.2478473892097115,0.3753808369046754
Southern Mesopotamia,131,sy_umayyad_cal,700,7.447158031342219,6.954242509439325,5.477121254719663,4.833333333333333,0.6363636363636364,0.990909090909091,0.9266666666666666,0.8333333333333334,4.0,8.0,3.0,7.0,3.0,10.33333333333333,1.0,1.0,2.0,5.888888888888888,1.0,3.114963368233648,-0.1541257777732701,9,Yemeni Coastal Plain,1.4901380216582627,0.6106338007706665
Southern Mesopotamia,132,iq_abbasid_cal_1,800,7.447158031342219,6.919078092376074,5.845098040014257,6.0,0.4545454545454545,0.9833333333333334,0.9333333333333333,0.8333333333333334,4.0,7.0,4.0,7.6,3.0,10.0,1.0,1.0,2.0,5.933333333333334,1.0,3.228365169744032,-0.5159619820339706,9,Yemeni Coastal Plain,1.7190783164812922,0.39801244206478237
Southern Mesopotamia,132,iq_abbasid_cal_1,900,7.0,6.0,5.954242509439325,6.0,0.4545454545454545,0.9833333333333334,0.9333333333333333,0.8333333333333334,4.0,7.0,4.0,7.6,3.0,10.0,1.0,1.0,2.0,5.933333333333334,1.0,2.908079176095584,-0.1774699973291842,9,Yemeni Coastal Plain,1.1697319985095764,0.39801244206478237
Upper Egypt,367,eg_ayyubid_sultanate,1200,6.966141732739032,6.2027606873932,5.301029995663981,5.833333333333333,0.8,0.9090909090909091,0.9333333333333333,0.8333333333333334,4.0,7.0,5.9,7.0,3.0,10.63333333333333,1.0,1.0,2.0,6.255555555555556,1.0,3.013962814853928,0.03978806792917814,9,Yemeni Coastal Plain,0.8104286311880476,0.7066252397025944
Konya Plain,175,tr_ottoman_emp_2,1600,7.447158031342219,6.684486292188734,5.829303772831025,8.166666666666666,1.0,0.9166666666666666,0.9333333333333333,0.8333333333333334,4.0,10.0,5.9,8.0,3.0,10.66666666666667,1.0,1.0,2.0,6.927777777777777,1.0,4.170934792327341,-0.632320355649071,9,Yemeni Coastal Plain,1.6033184870643835,0.9496578178423718
Galilee,103,il_canaan,-2000,4.352182518111363,3.230448921378274,4.477121254719663,6.5,0.5571428571428572,0.69,0.32,0.5,2.0,5.0,5.0,7.0,2.7,10.0,0.9,0.0,0.9,5.283333333333333,0.0009765625,-0.3604255063270773,0.08149074587150415,10,Galilee,-2.2961476198438753,-0.9137113516569125
Galilee,103,il_canaan,-1900,4.352182518111363,3.230448921378274,4.477121254719663,6.5,0.5571428571428572,0.69,0.32,0.5,2.0,5.0,5.0,7.0,2.7,10.0,0.9,0.0,0.9,5.283333333333333,0.0009765625,-0.3604255063270773,0.08149074587150415,10,Galilee,-2.2961476198438753,-0.9137113516569125
Galilee,103,il_canaan,-1800,4.352182518111363,3.230448921378274,4.477121254719663,6.5,0.5571428571428572,0.69,0.32,0.5,2.0,5.0,5.0,7.0,2.7,10.0,0.9,0.0,0.9,5.283333333333333,0.0009765625,-0.3604255063270773,0.08149074587150415,10,Galilee,-2.2961476198438753,-0.9137113516569125
Galilee,103,il_canaan,-1700,4.352182518111363,3.230448921378274,4.477121254719663,6.5,0.5571428571428572,0.69,0.32,0.5,2.0,5.0,5.0,7.0,2.7,10.0,0.9,0.0,0.9,5.283333333333333,0.0009765625,-0.3604255063270773,0.08149074587150415,10,Galilee,-2.2961476198438753,-0.9137113516569125
Galilee,103,il_canaan,-1600,4.352182518111363,3.230448921378274,4.477121254719663,6.5,0.5571428571428572,0.69,0.32,0.5,2.0,5.0,5.0,7.0,2.7,10.0,0.9,0.0,0.9,5.283333333333333,0.0009765625,-0.3604255063270773,0.08149074587150415,10,Galilee,-2.2961476198438753,-0.9137113516569125
Galilee,103,il_canaan,-1500,4.511883360978874,3.230448921378274,4.676693609624866,6.5,0.5571428571428572,0.69,0.3866666666666667,0.5,2.0,5.0,5.0,7.0,2.7,10.0,0.9,0.0,0.9,5.283333333333333,0.0009765625,-0.1619489554568924,0.03694203255711806,10,Galilee,-2.0885806814929793,-0.8217704556939807
Galilee,103,il_canaan,-1400,4.511883360978874,3.230448921378274,4.676693609624866,6.5,0.5571428571428572,0.69,0.3866666666666667,0.5,2.0,5.0,5.0,7.0,2.7,10.0,0.9,0.0,0.9,5.283333333333333,0.0009765625,-0.1619489554568924,0.03694203255711806,10,Galilee,-2.0885806814929793,-0.8217704556939807
Galilee,103,il_canaan,-1300,4.511883360978874,3.230448921378274,4.676693609624866,6.5,0.5571428571428572,0.69,0.3866666666666667,0.5,2.0,5.0,5.0,7.0,2.7,10.0,0.9,0.0,0.9,5.283333333333333,0.0009765625,-0.1619489554568924,0.03694203255711806,10,Galilee,-2.0885806814929793,-0.8217704556939807
Galilee,103,il_canaan,-1200,4.511883360978874,3.230448921378274,4.676693609624866,6.5,0.5571428571428572,0.69,0.3866666666666667,0.5,2.0,5.0,5.0,7.0,2.7,10.0,0.9,0.0,0.9,5.283333333333333,0.0009765625,-0.1619489554568924,0.03694203255711806,10,Galilee,-2.0885806814929793,-0.8217704556939807
Galilee,105,il_yisrael,-1000,4.653212513775344,4.060697840353612,4.243038048686294,7.0,0.6444444444444444,0.6444444444444445,0.3866666666666667,0.5,3.0,4.5,3.0,6.9,3.0,9.633333333333333,1.0,1.0,2.0,5.005555555555556,1.0,0.07044265766989466,-0.2218315045073372,10,Galilee,-1.9382289331539697,-0.7778880427124054
Galilee,105,il_yisrael,-900,5.243038048686294,4.060697840353612,4.243038048686294,7.0,0.6444444444444444,0.6444444444444445,0.3866666666666667,0.5,3.0,4.5,3.0,6.9,3.0,9.633333333333333,1.0,1.0,2.0,5.005555555555556,1.0,0.2365139201011791,-0.3417948265497253,10,Galilee,-1.6618058887524918,-0.7778880427124054
Galilee,105,il_yisrael,-800,5.544068044350276,4.060697840353612,4.243038048686294,7.0,0.6444444444444444,0.6444444444444445,0.3866666666666667,0.5,3.0,4.5,3.0,6.9,3.0,9.633333333333333,1.0,1.0,2.0,5.005555555555556,1.0,0.3212719179337909,-0.4030206572010025,10,Galilee,-1.5207275139917844,-0.7778880427124054
Susiana,107,ir_achaemenid_emp,-500,7.361727836017593,6.711807229041191,5.301029995663981,6.5,0.990909090909091,0.9727272727272728,0.8866666666666667,0.8333333333333334,3.0,7.0,4.1,7.6,3.0,11.13333333333333,1.0,1.0,2.0,5.972222222222221,1.0,3.652134625722199,-0.1854936781038575,10,Galilee,1.2242186911284898,0.946057335203264
Susiana,107,ir_achaemenid_emp,-400,7.414973347970818,6.608793373986931,5.301029995663981,6.5,0.990909090909091,0.9727272727272728,0.8866666666666667,0.8333333333333334,3.0,7.0,4.1,7.6,3.0,11.13333333333333,1.0,1.0,2.0,5.972222222222221,1.0,3.640707096233975,-0.1655066217367026,10,Galilee,1.202952314111165,0.946057335203264
Southern Mesopotamia,108,ir_seleucid_emp,-300,7.477121254719663,6.556302500767288,4.8750612633917,5.5,0.7777777777777778,0.9800000000000001,0.6466666666666667,0.8333333333333334,4.0,6.3,3.9,7.6,3.0,10.16666666666667,1.0,0.9,1.9,5.827777777777778,0.25,2.755432334304536,-0.1105727461282656,10,Galilee,0.9252420848386431,0.37561658279175997
Upper Egypt,109,eg_ptolemaic_k_1,-300,6.845098040014257,6.0,5.204119982655925,7.0,0.9,0.9166666666666666,0.9800000000000001,0.8333333333333334,3.0,8.0,4.1,7.6,3.0,,1.0,1.0,2.0,4.283333333333333,0.125,3.299732065573652,0.03093966874081259,10,Galilee,0.5982784280765012,0.8973222309096263
Southern Mesopotamia,108,ir_seleucid_emp,-200,7.477121254719663,6.142232991794714,4.8750612633917,5.5,0.7777777777777778,0.9800000000000001,0.6466666666666667,0.8333333333333334,4.0,6.3,3.9,7.6,3.0,10.16666666666667,1.0,0.9,1.9,5.827777777777778,0.25,2.649238455403918,0.01329594463424614,10,Galilee,0.7394583915341184,0.37561658279175997
Southern Mesopotamia,108,ir_seleucid_emp,-100,7.477121254719663,6.142232991794714,4.8750612633917,5.5,0.7777777777777778,0.9800000000000001,0.6466666666666667,0.8333333333333334,4.0,6.3,3.9,7.6,3.0,10.16666666666667,1.0,0.9,1.9,5.827777777777778,0.25,2.649238455403918,0.01329594463424614,10,Galilee,0.7394583915341184,0.37561658279175997
Cuzco,80,pe_wari_emp,700,5.477121254719663,5.230448921378274,4.698970004336019,4.0,0.4666666666666667,0.7625,0.06666666666666667,0.1666666666666667,2.0,4.0,5.0,4.0,0.0,,0.0,0.0,0.0,2.5,0.0009765625,-0.5994367862622451,-1.295627201309878,11,Cuzco,-0.7240500979724166,-1.4885440193284507
Cuzco,80,pe_wari_emp,800,5.477121254719663,5.230448921378274,4.698970004336019,4.0,0.4666666666666667,0.7625,0.06666666666666667,0.1666666666666667,2.0,4.0,5.0,4.0,0.0,,0.0,0.0,0.0,2.5,0.0009765625,-0.5994367862622451,-1.295627201309878,11,Cuzco,-0.7240500979724166,-1.4885440193284507
Cuzco,80,pe_wari_emp,900,5.477121254719663,5.230448921378274,4.698970004336019,4.0,0.4666666666666667,0.7625,0.06666666666666667,0.1666666666666667,2.0,4.0,5.0,4.0,0.0,,0.0,0.0,0.0,2.5,0.0009765625,-0.5994367862622451,-1.295627201309878,11,Cuzco,-0.7240500979724166,-1.4885440193284507
Cuzco,83,pe_inca_emp,1400,7.0,6.096910013008056,4.778151250383644,5.333333333333333,0.6545454545454544,0.8333333333333334,0.1333333333333333,0.3,1.8,4.0,4.9,6.0,0.0,10.36666666666667,0.0,0.0,0.0,4.511111111111111,0.0009765625,0.8888164694191243,-1.598004581566484,11,Cuzco,0.43107041523814815,-1.0023181272167925
Cuzco,83,pe_inca_emp,1500,7.0,6.096910013008056,4.778151250383644,5.333333333333333,0.6545454545454544,0.8333333333333334,0.1333333333333333,0.3,1.8,4.0,4.9,6.0,0.0,10.36666666666667,0.0,0.0,0.0,4.511111111111111,0.0009765625,0.8888164694191243,-1.598004581566484,11,Cuzco,0.43107041523814815,-1.0023181272167925
Cuzco,84,es_spanish_emp_1,1600,7.462397997898957,6.851258348719075,5.350248018334163,8.666666666666666,0.9181818181818181,0.9916666666666667,0.8666666666666667,0.8333333333333334,4.0,10.0,5.8,8.0,3.0,10.7,1.0,1.0,2.0,6.916666666666667,1.0,4.046381952288454,-0.6496686974441767,11,Cuzco,1.366698325444605,0.85771692187944
Cuzco,84,es_spanish_emp_1,1700,7.462397997898957,6.851258348719075,5.350248018334163,8.666666666666666,0.9181818181818181,0.9916666666666667,0.8666666666666667,0.8333333333333334,4.0,10.0,5.8,8.0,3.0,10.7,1.0,1.0,2.0,6.916666666666667,1.0,4.046381952288454,-0.6496686974441767,11,Cuzco,1.366698325444605,0.85771692187944
Valley of Oaxaca,524,mx_rosario,-700,3.176091259055681,2.439332693830263,3.0,1.833333333333333,0.03000000000000001,0.04545454545454546,0.2733333333333333,0.0,0.0,2.0,2.9,,0.0,,0.0,0.0,0.0,0.8166666666666668,1.0,-4.455664313281077,-0.3798910300078191,12,Valley of Oaxaca,-4.1846201773422855,-2.7319964164774704
Valley of Oaxaca,524,mx_rosario,-600,3.176091259055681,2.439332693830263,3.0,1.833333333333333,0.03000000000000001,0.04545454545454546,0.2733333333333333,0.0,0.0,2.0,2.9,,0.0,,0.0,0.0,0.0,0.8166666666666668,1.0,-4.455664313281077,-0.3798910300078191,12,Valley of Oaxaca,-4.1846201773422855,-2.7319964164774704
Valley of Oaxaca,524,mx_rosario,-500,3.176091259055681,2.439332693830263,3.0,1.833333333333333,0.03000000000000001,0.04545454545454546,0.2733333333333333,0.0,0.0,2.0,2.9,,0.0,,0.0,0.0,0.0,0.8166666666666668,1.0,-4.455664313281077,-0.3798910300078191,12,Valley of Oaxaca,-4.1846201773422855,-2.7319964164774704
Valley of Oaxaca,525,mx_monte_alban_1_early,-500,4.176091259055681,3.113943352306837,3.301029995663981,1.75,0.0,0.08181818181818182,0.2666666666666667,0.0,0.0,2.0,2.9,,0.0,3.5,0.0,0.0,0.0,1.4,0.0009765625,-3.900576188408409,-0.8279334884336972,12,Valley of Oaxaca,-3.213089542764294,-2.7299068506601305
Valley of Oaxaca,525,mx_monte_alban_1_early,-400,4.176091259055681,3.113943352306837,3.722633922533812,1.75,0.0,0.08181818181818182,0.2666666666666667,0.0,0.0,2.0,2.9,,0.0,3.5,0.0,0.0,0.0,1.4,0.0009765625,-3.740941254743559,-0.9337599597752145,12,Valley of Oaxaca,-2.9327077880557586,-2.7299068506601305
Valley of Oaxaca,525,mx_monte_alban_1_early,-300,4.176091259055681,3.113943352306837,3.722633922533812,1.75,0.0,0.08181818181818182,0.2666666666666667,0.0,0.0,2.0,2.9,,0.0,3.5,0.0,0.0,0.0,1.4,0.0009765625,-3.740941254743559,-0.9337599597752145,12,Valley of Oaxaca,-2.9327077880557586,-2.7299068506601305
Valley of Oaxaca,526,mx_monte_alban_1_late,-300,4.740362689494244,3.698970004336019,4.235528446907549,2.75,0.3,0.2416666666666667,0.2666666666666667,0.0,0.0,2.0,2.9,,0.0,3.5,0.0,0.0,0.0,1.4,0.0009765625,-2.45928570913386,-1.232001741248112,12,Valley of Oaxaca,-2.0646791246917746,-2.1763326448973044
Valley of Oaxaca,526,mx_monte_alban_1_late,-200,4.740362689494244,3.698970004336019,4.235528446907549,2.75,0.3,0.2416666666666667,0.2666666666666667,0.0,0.0,2.0,2.9,,0.0,3.5,0.0,0.0,0.0,1.4,0.0009765625,-2.45928570913386,-1.232001741248112,12,Valley of Oaxaca,-2.0646791246917746,-2.1763326448973044
Valley of Oaxaca,526,mx_monte_alban_1_late,-100,4.740362689494244,3.698970004336019,4.235528446907549,2.75,0.3,0.2416666666666667,0.2666666666666667,0.0,0.0,2.0,2.9,,0.0,3.5,0.0,0.0,0.0,1.4,0.0009765625,-2.45928570913386,-1.232001741248112,12,Valley of Oaxaca,-2.0646791246917746,-2.1763326448973044
Valley of Oaxaca,527,mx_monte_alban_2,-100,4.653212513775344,4.301029995663981,4.161368002234975,3.0,0.39,0.2416666666666667,0.2666666666666667,0.0,0.0,2.0,2.9,,0.0,3.5,0.0,0.0,0.0,1.4,0.0009765625,-2.196509997031155,-1.378307864097507,12,Valley of Oaxaca,-1.8847108045871026,-2.0713078522011865
Valley of Oaxaca,527,mx_monte_alban_2,0,4.653212513775344,4.301029995663981,4.161368002234975,3.0,0.39,0.2416666666666667,0.2666666666666667,0.0,0.0,2.0,2.9,,0.0,3.5,0.0,0.0,0.0,1.4,0.0009765625,-2.196509997031155,-1.378307864097507,12,Valley of Oaxaca,-1.8847108045871026,-2.0713078522011865
Valley of Oaxaca,527,mx_monte_alban_2,100,4.653212513775344,4.301029995663981,4.161368002234975,3.0,0.39,0.2416666666666667,0.2666666666666667,0.0,0.0,2.0,2.9,,0.0,3.5,0.0,0.0,0.0,1.4,0.0009765625,-2.196509997031155,-1.378307864097507,12,Valley of Oaxaca,-1.8847108045871026,-2.0713078522011865
Valley of Oaxaca,527,mx_monte_alban_2,200,4.653212513775344,4.301029995663981,4.161368002234975,3.0,0.39,0.2416666666666667,0.2666666666666667,0.0,0.0,2.0,2.9,,0.0,3.5,0.0,0.0,0.0,1.4,0.0009765625,-2.196509997031155,-1.378307864097507,12,Valley of Oaxaca,-1.8847108045871026,-2.0713078522011865
Valley of Oaxaca,528,mx_monte_alban_3_a,200,5.060697840353612,4.060697840353612,4.352182518111363,2.833333333333333,0.2375,0.25,0.2666666666666667,0.0,0.0,2.7,2.8,,0.0,3.5,0.0,0.0,0.0,1.5,0.0009765625,-2.285223876307642,-1.467972716169908,12,Valley of Oaxaca,-1.6746750391180976,-2.2386579637952533
Valley of Oaxaca,528,mx_monte_alban_3_a,300,5.060697840353612,4.060697840353612,4.352182518111363,2.833333333333333,0.2375,0.25,0.2666666666666667,0.0,0.0,2.7,2.8,,0.0,3.5,0.0,0.0,0.0,1.5,0.0009765625,-2.285223876307642,-1.467972716169908,12,Valley of Oaxaca,-1.6746750391180976,-2.2386579637952533
Valley of Oaxaca,528,mx_monte_alban_3_a,400,5.060697840353612,4.060697840353612,4.352182518111363,2.833333333333333,0.2375,0.25,0.2666666666666667,0.0,0.0,2.7,2.8,,0.0,3.5,0.0,0.0,0.0,1.5,0.0009765625,-2.285223876307642,-1.467972716169908,12,Valley of Oaxaca,-1.6746750391180976,-2.2386579637952533
Valley of Oaxaca,528,mx_monte_alban_3_a,500,5.060697840353612,4.060697840353612,4.352182518111363,2.833333333333333,0.2375,0.25,0.2666666666666667,0.0,0.0,2.7,2.8,,0.0,3.5,0.0,0.0,0.0,1.5,0.0009765625,-2.285223876307642,-1.467972716169908,12,Valley of Oaxaca,-1.6746750391180976,-2.2386579637952533
Cuzco,84,es_spanish_emp_1,1600,7.462397997898957,6.851258348719075,5.350248018334163,8.666666666666666,0.9181818181818181,0.9916666666666667,0.8666666666666667,0.8333333333333334,4.0,10.0,5.8,8.0,3.0,10.7,1.0,1.0,2.0,6.916666666666667,1.0,4.046381952288454,-0.6496686974441767,12,Valley of Oaxaca,1.366698325444605,0.85771692187944
Cuzco,84,es_spanish_emp_1,1700,7.462397997898957,6.851258348719075,5.350248018334163,8.666666666666666,0.9181818181818181,0.9916666666666667,0.8666666666666667,0.8333333333333334,4.0,10.0,5.8,8.0,3.0,10.7,1.0,1.0,2.0,6.916666666666667,1.0,4.046381952288454,-0.6496686974441767,12,Valley of Oaxaca,1.366698325444605,0.85771692187944
Paris Basin,454,fr_la_tene_b2_c1,-300,4.8750612633917,3.096910013008056,1.698970004336019,3.333333333333333,0.3333333333333333,0.8,0.2333333333333334,0.8333333333333334,4.0,4.0,5.800000000000001,7.0,3.0,9.333333333333332,1.0,1.0,2.0,5.522222222222222,0.0625,-1.755949830082409,2.007911866556093,14,Paris Basin,-3.958585615462179,-0.9422029260102606
Paris Basin,454,fr_la_tene_b2_c1,-200,4.8750612633917,3.096910013008056,3.352182518111363,3.333333333333333,0.3333333333333333,0.8,0.2333333333333334,0.8333333333333334,4.0,4.0,5.800000000000001,7.0,3.0,9.333333333333332,1.0,1.0,2.0,5.522222222222222,0.0625,-1.129982059976918,1.592940288825745,14,Paris Basin,-2.859139913046905,-0.9422029260102606
Paris Basin,455,fr_la_tene_c2_d,-100,4.8750612633917,4.176091259055681,3.954242509439325,3.5,0.35,0.8625,0.2333333333333334,0.8333333333333334,4.0,4.0,5.800000000000001,7.0,3.0,9.666666666666668,1.0,1.0,2.0,5.577777777777778,0.0625,-0.4905937623640325,1.159553291050899,14,Paris Basin,-1.9745439950228318,-0.8431896534347956
Latium,70,it_roman_principate,0,7.698970004336019,6.653212513775344,6.0,8.166666666666666,0.6454545454545454,0.9916666666666667,0.8666666666666667,0.8333333333333334,4.0,7.0,2.9,8.0,3.0,11.66666666666667,1.0,1.0,2.0,6.094444444444444,0.1875,3.868225034856838,-0.8373068383423888,14,Paris Basin,1.8208180062878754,0.539459974315446
Latium,70,it_roman_principate,100,7.740362689494244,6.763427993562937,6.041392685158225,8.166666666666666,0.6454545454545454,0.9916666666666667,0.8666666666666667,0.8333333333333334,4.0,7.0,2.9,8.0,3.0,11.66666666666667,1.0,1.0,2.0,6.094444444444444,0.1875,3.923818660146249,-0.8890864580558385,14,Paris Basin,1.9171956139051216,0.539459974315446
Latium,70,it_roman_principate,200,7.795880017344075,6.698970004336019,6.0,8.166666666666666,0.6454545454545454,0.9916666666666667,0.8666666666666667,0.8333333333333334,4.0,7.0,2.9,8.0,3.0,11.66666666666667,1.0,1.0,2.0,6.094444444444444,0.1875,3.907246159861252,-0.870705484247147,14,Paris Basin,1.8867654575173456,0.539459974315446
Konya Plain,71,tr_roman_dominate,300,7.740362689494244,6.628388930050312,5.903089986991944,7.5,0.8272727272727273,0.9916666666666667,0.86,0.8333333333333334,4.0,7.0,2.8,6.8,3.0,10.16666666666667,1.0,1.0,2.0,5.627777777777777,0.1875,3.936605537390025,-0.6256087841344401,14,Paris Basin,1.7646303556817646,0.7424371830951491
Konya Plain,72,tr_east_roman_emp,400,7.176091259055681,6.113943352306837,5.477121254719663,7.666666666666667,0.9090909090909091,0.9166666666666666,0.9266666666666666,0.8333333333333334,4.0,7.0,6.0,8.0,3.0,11.66666666666667,1.0,1.0,2.0,6.611111111111112,1.0,3.598564261384611,-0.277675405719948,14,Paris Basin,0.9860786098711856,0.8343780790580804
Konya Plain,72,tr_east_roman_emp,500,7.301029995663981,6.146128035678238,5.698970004336019,7.666666666666667,0.9090909090909091,0.9166666666666666,0.9266666666666666,0.8333333333333334,4.0,7.0,6.0,8.0,3.0,11.66666666666667,1.0,1.0,2.0,6.611111111111112,1.0,3.725996409199662,-0.3684005344430716,14,Paris Basin,1.206609357602661,0.8343780790580804
Paris Basin,304,fr_merovingian_emp_1,500,6.176091259055681,5.397940008672037,4.397940008672037,4.0,0.6272727272727273,0.9888888888888889,0.5133333333333334,0.8333333333333334,4.0,7.2,4.0,8.0,3.0,10.0,1.0,1.0,2.0,6.033333333333334,1.0,1.297037293442312,0.739421994462604,14,Paris Basin,-0.5215225247763722,0.027419907568042193
Konya Plain,72,tr_east_roman_emp,600,7.138302698166282,6.217483944213907,5.301029995663981,7.666666666666667,0.9090909090909091,0.9166666666666666,0.9266666666666666,0.8333333333333334,4.0,7.0,6.0,8.0,3.0,11.66666666666667,1.0,1.0,2.0,6.611111111111112,1.0,3.547804235955578,-0.2567632615763129,14,Paris Basin,0.8977182440802299,0.8343780790580804
Paris Basin,306,fr_merovingian_emp_2,600,6.0,5.361727836017593,4.397940008672037,4.166666666666667,0.6272727272727273,0.9666666666666666,0.5866666666666667,0.8333333333333334,3.0,7.2,4.0,8.0,3.0,10.0,1.0,1.0,2.0,5.866666666666667,1.0,1.325540773637143,0.778035520721622,14,Paris Basin,-0.6202956726236104,0.10026538667713364
Paris Basin,456,fr_merovingian_emp_3,700,6.0,5.397940008672037,4.397940008672037,4.166666666666667,0.6272727272727273,0.9666666666666666,0.6400000000000001,0.8333333333333334,3.0,7.2,4.0,8.0,3.0,10.0,1.0,1.0,2.0,5.866666666666667,1.0,1.397184421625894,0.7976242600684602,14,Paris Basin,-0.6040480836740718,0.1738181034474793
Paris Basin,311,fr_carolingian_emp_2,900,6.653212513775344,5.903089986991944,4.0,3.833333333333333,0.5900000000000001,0.7666666666666667,0.5333333333333333,0.8333333333333334,4.0,7.0,3.100000000000001,7.0,3.0,10.33333333333333,1.0,1.0,2.0,5.73888888888889,1.0,1.061963191944526,0.3962476552971517,14,Paris Basin,-0.3359135350030967,-0.27138800431148563
Paris Basin,457,fr_capetian_k_1,1000,5.8750612633917,4.176091259055681,4.397940008672037,4.333333333333333,0.32,0.72,0.5333333333333333,0.75,4.0,6.3,4.9,6.1,3.0,10.3,1.0,1.0,2.0,5.766666666666667,1.0,0.1451077337925555,0.5220805646050676,14,Paris Basin,-1.2108170044284865,-0.6989131705391181
Paris Basin,457,fr_capetian_k_1,1100,5.8750612633917,4.176091259055681,4.397940008672037,4.5,0.32,0.72,0.5333333333333333,0.75,4.0,6.3,4.9,6.1,3.0,10.3,1.0,1.0,2.0,5.766666666666667,1.0,0.1760659384795309,0.4940162846966291,14,Paris Basin,-1.2108170044284865,-0.6989131705391181
Paris Basin,458,fr_capetian_k_2,1200,6.602059991327963,4.903089986991944,4.439332693830263,5.166666666666667,0.890909090909091,0.8363636363636363,0.66,0.8333333333333334,4.0,8.0,5.9,6.1,3.0,10.66666666666667,1.0,1.0,2.0,6.277777777777779,1.0,1.828178163771689,0.643885702259054,14,Paris Basin,-0.5163918076925343,0.3431693761512286
Paris Basin,458,fr_capetian_k_2,1300,7.230448921378274,5.544068044350276,5.301029995663981,5.166666666666667,0.8090909090909091,0.8363636363636363,0.66,0.8333333333333334,4.0,8.0,5.9,7.1,3.0,10.66666666666667,1.0,1.0,2.0,6.444444444444446,1.0,2.391629669597706,0.07207681011500815,14,Paris Basin,0.6387561789717888,0.2476922918820307
Paris Basin,333,fr_valois_k_1,1400,6.954242509439325,5.5910646070265,5.477121254719663,5.166666666666667,0.9818181818181819,0.8999999999999999,0.6666666666666666,0.8333333333333334,4.0,10.0,6.0,7.9,3.0,10.1,1.0,1.0,2.0,6.833333333333333,1.0,2.704209531699316,0.2121385658974808,14,Paris Basin,0.6475047465946944,0.539459974315446
Paris Basin,459,fr_valois_k_2,1500,7.204119982655925,5.653212513775344,5.439332693830263,7.5,0.890909090909091,0.8571428571428571,0.8,0.8333333333333334,4.0,10.0,5.8,7.9,3.0,10.43333333333333,1.0,1.0,2.0,6.855555555555557,1.0,3.193234680295077,-0.2466332012527552,14,Paris Basin,0.7673639986355634,0.562697783185198
Paris Basin,460,fr_bourbon_k_1,1600,7.267171728403014,5.968949680981343,5.389166084364533,7.666666666666667,0.9090909090909091,0.8800000000000001,0.8666666666666667,0.8333333333333334,4.0,10.0,3.100000000000001,8.0,3.0,9.833333333333332,1.0,1.0,2.0,6.322222222222223,1.0,3.435178506997039,-0.3009412731384764,14,Paris Basin,0.9052149208462147,0.7049535870487229
Paris Basin,461,fr_bourbon_k_2,1700,7.338456493604605,6.352182518111363,5.724275869600789,8.333333333333334,0.9,0.990909090909091,0.8,1.0,4.0,10.0,3.0,7.0,3.0,10.33333333333333,0.0,1.0,1.0,6.222222222222221,1.0,4.047425643319602,-0.1586036678622503,14,Paris Basin,1.33343069876112,0.8496801302742887
Paris Basin,461,fr_bourbon_k_2,1800,7.45484486000851,6.352182518111363,5.745074791582057,8.333333333333334,0.9,0.990909090909091,0.8,1.0,4.0,10.0,2.1,7.0,3.0,10.33333333333333,0.0,1.0,1.0,6.072222222222223,1.0,4.088071194513318,-0.1874963635721477,14,Paris Basin,1.4018083948558648,0.8496801302742887
Middle Ganga,87,in_mauryan_emp,-300,8.0,6.602059991327963,5.431363764158988,6.0,0.7272727272727273,0.9666666666666668,0.7200000000000001,0.8333333333333334,4.0,7.0,5.5,7.733333333333333,3.0,10.36666666666667,1.0,1.0,2.0,6.266666666666667,1.0,3.221762806837496,-0.4478857108540579,15,Deccan,1.560781871199943,0.40084139270979524
Middle Ganga,87,in_mauryan_emp,-200,8.0,6.602059991327963,5.431363764158988,6.0,0.7272727272727273,0.9666666666666668,0.7200000000000001,0.8333333333333334,4.0,7.0,5.5,7.733333333333333,3.0,10.36666666666667,1.0,1.0,2.0,6.266666666666667,1.0,3.221762806837496,-0.4478857108540579,15,Deccan,1.560781871199943,0.40084139270979524
Deccan,97,in_vijayanagara_emp,1400,7.397940008672037,5.556302500767288,5.0,4.5,0.7363636363636363,0.9875,0.5333333333333333,0.8333333333333334,4.0,10.0,4.0,8.0,3.0,8.333333333333334,1.0,1.0,2.0,6.222222222222222,0.25,2.162910983483119,0.2662156529085892,15,Deccan,0.5225448146209977,0.18053686122938611
Deccan,97,in_vijayanagara_emp,1500,7.397940008672037,5.556302500767288,5.301029995663981,4.5,0.7363636363636363,0.9875,0.5333333333333333,0.8333333333333334,4.0,10.0,4.0,8.0,3.0,8.333333333333334,1.0,1.0,2.0,6.222222222222222,0.25,2.276892140503477,0.1906543495649722,15,Deccan,0.7227405742544913,0.18053686122938611
Deccan,97,in_vijayanagara_emp,1600,7.397940008672037,5.556302500767288,5.301029995663981,4.5,0.7363636363636363,0.9875,0.5333333333333333,0.8333333333333334,4.0,10.0,4.0,8.0,3.0,8.333333333333334,1.0,1.0,2.0,6.222222222222222,0.25,2.276892140503477,0.1906543495649722,15,Deccan,0.7227405742544913,0.18053686122938611
Kachi Plain,98,in_mughal_emp,1600,8.113943352306837,6.585460729508501,5.602059991327963,5.666666666666667,0.9800000000000001,0.9,0.7333333333333333,0.8333333333333334,4.0,10.0,6.0,8.0,3.0,10.63333333333333,1.0,1.0,2.0,6.938888888888889,1.0,3.50157417384843,-0.3995292922834803,15,Deccan,1.7202530818954347,0.6292791572946181
Kachi Plain,98,in_mughal_emp,1700,8.113943352306837,6.585460729508501,5.602059991327963,5.666666666666667,0.9800000000000001,0.9,0.7333333333333333,0.8333333333333334,4.0,10.0,6.0,8.0,3.0,10.63333333333333,1.0,1.0,2.0,6.938888888888889,1.0,3.50157417384843,-0.3995292922834803,15,Deccan,1.7202530818954347,0.6292791572946181
Kachi Plain,98,in_mughal_emp,1800,8.113943352306837,6.585460729508501,5.602059991327963,5.666666666666667,0.9800000000000001,0.9818181818181819,0.7333333333333333,0.8333333333333334,4.0,10.0,6.0,8.0,3.0,10.63333333333333,1.0,1.0,2.0,6.938888888888889,1.0,3.609553036724896,-0.3192673016865797,15,Deccan,1.7202530818954347,0.7334359764973795
,786,gb_british_emp_2,1800,8.482176679266429,7.302980347479521,6.511883360978874,10.33333333333333,0.990909090909091,1.0,0.9333333333333333,1.0,4.0,10.0,4.7,6.0,3.0,,1.0,1.0,2.0,4.616666666666666,1.0,5.56660845271504,-1.085193663773623,15,Deccan,2.8198266121739644,1.151220551299568
Ghanaian Coast,114,gh_ashanti_emp,1800,6.477121254719663,5.413299764081252,4.130333768495007,5.333333333333333,0.41,0.4083333333333334,0.6,0.5,3.0,10.0,2.1,4.333333333333333,0.0,0.9,0.0,1.0,1.0,3.388888888888889,0.25,0.2180455027686527,-0.9014647375564073,16,Ghanaian Coast,-0.5515203342786432,-1.0578362836251782
Crete,63,gr_crete_mono_palace,-1400,4.812913356642856,3.698970004336019,4.0,4.5,0.4,0.5363636363636364,0.3333333333333333,0.45,2.0,5.0,2.0,8.0,3.0,,1.0,,,3.333333333333333,0.5,-1.105771622044836,-0.02833849326872655,17,Crete,-2.1873129707089993,-1.3061088498915145
Crete,63,gr_crete_mono_palace,-1300,4.812913356642856,3.698970004336019,4.0,4.5,0.4,0.5363636363636364,0.3333333333333333,0.45,2.0,5.0,2.0,8.0,3.0,,1.0,,,3.333333333333333,0.5,-1.105771622044836,-0.02833849326872655,17,Crete,-2.1873129707089993,-1.3061088498915145
Crete,68,gr_crete_classical,-500,4.243038048686294,2.352182518111363,3.602059991327963,4.333333333333333,0.7272727272727273,0.5454545454545454,0.8,0.8333333333333334,3.0,5.0,3.0,6.0,3.0,5.333333333333333,1.0,1.0,2.0,4.222222222222222,0.5,-0.3905683346313584,1.959829982568433,17,Crete,-3.3233040074419593,-0.02504426803038642
Crete,68,gr_crete_classical,-400,4.243038048686294,2.352182518111363,3.602059991327963,4.333333333333333,0.7272727272727273,0.5454545454545454,0.8,0.8333333333333334,3.0,5.0,3.0,6.0,3.0,5.333333333333333,1.0,1.0,2.0,4.222222222222222,0.5,-0.3905683346313584,1.959829982568433,17,Crete,-3.3233040074419593,-0.02504426803038642
Crete,69,gr_crete_hellenistic,-300,4.243038048686294,2.352182518111363,4.380211241711606,4.333333333333333,0.7272727272727273,0.5833333333333334,0.86,0.8333333333333334,3.0,5.0,3.0,8.0,3.0,5.333333333333333,1.0,1.0,2.0,4.555555555555555,0.125,0.02420999615288555,1.835889468088287,17,Crete,-2.8058054759859923,0.10592328796716038
Crete,69,gr_crete_hellenistic,-200,4.243038048686294,2.352182518111363,4.380211241711606,4.333333333333333,0.7272727272727273,0.5833333333333334,0.86,0.8333333333333334,3.0,5.0,3.0,8.0,3.0,5.333333333333333,1.0,1.0,2.0,4.555555555555555,0.125,0.02420999615288555,1.835889468088287,17,Crete,-2.8058054759859923,0.10592328796716038
Crete,69,gr_crete_hellenistic,-100,4.243038048686294,2.352182518111363,4.380211241711606,4.333333333333333,0.7272727272727273,0.5833333333333334,0.86,0.8333333333333334,3.0,5.0,3.0,8.0,3.0,5.333333333333333,1.0,1.0,2.0,4.555555555555555,0.125,0.02420999615288555,1.835889468088287,17,Crete,-2.8058054759859923,0.10592328796716038
Latium,70,it_roman_principate,0,7.698970004336019,6.653212513775344,6.0,8.166666666666666,0.6454545454545454,0.9916666666666667,0.8666666666666667,0.8333333333333334,4.0,7.0,2.9,8.0,3.0,11.66666666666667,1.0,1.0,2.0,6.094444444444444,0.1875,3.868225034856838,-0.8373068383423888,17,Crete,1.8208180062878754,0.539459974315446
Latium,70,it_roman_principate,100,7.740362689494244,6.763427993562937,6.041392685158225,8.166666666666666,0.6454545454545454,0.9916666666666667,0.8666666666666667,0.8333333333333334,4.0,7.0,2.9,8.0,3.0,11.66666666666667,1.0,1.0,2.0,6.094444444444444,0.1875,3.923818660146249,-0.8890864580558385,17,Crete,1.9171956139051216,0.539459974315446
Latium,70,it_roman_principate,200,7.795880017344075,6.698970004336019,6.0,8.166666666666666,0.6454545454545454,0.9916666666666667,0.8666666666666667,0.8333333333333334,4.0,7.0,2.9,8.0,3.0,11.66666666666667,1.0,1.0,2.0,6.094444444444444,0.1875,3.907246159861252,-0.870705484247147,17,Crete,1.8867654575173456,0.539459974315446
Konya Plain,71,tr_roman_dominate,300,7.740362689494244,6.628388930050312,5.903089986991944,7.5,0.8272727272727273,0.9916666666666667,0.86,0.8333333333333334,4.0,7.0,2.8,6.8,3.0,10.16666666666667,1.0,1.0,2.0,5.627777777777777,0.1875,3.936605537390025,-0.6256087841344401,17,Crete,1.7646303556817646,0.7424371830951491
Konya Plain,72,tr_east_roman_emp,400,7.176091259055681,6.113943352306837,5.477121254719663,7.666666666666667,0.9090909090909091,0.9166666666666666,0.9266666666666666,0.8333333333333334,4.0,7.0,6.0,8.0,3.0,11.66666666666667,1.0,1.0,2.0,6.611111111111112,1.0,3.598564261384611,-0.277675405719948,17,Crete,0.9860786098711856,0.8343780790580804
Konya Plain,72,tr_east_roman_emp,500,7.301029995663981,6.146128035678238,5.698970004336019,7.666666666666667,0.9090909090909091,0.9166666666666666,0.9266666666666666,0.8333333333333334,4.0,7.0,6.0,8.0,3.0,11.66666666666667,1.0,1.0,2.0,6.611111111111112,1.0,3.725996409199662,-0.3684005344430716,17,Crete,1.206609357602661,0.8343780790580804
Konya Plain,72,tr_east_roman_emp,600,7.138302698166282,6.217483944213907,5.301029995663981,7.666666666666667,0.9090909090909091,0.9166666666666666,0.9266666666666666,0.8333333333333334,4.0,7.0,6.0,8.0,3.0,11.66666666666667,1.0,1.0,2.0,6.611111111111112,1.0,3.547804235955578,-0.2567632615763129,17,Crete,0.8977182440802299,0.8343780790580804
Konya Plain,73,tr_byzantine_emp_1,700,6.759667844689631,5.767155866082181,5.010723865391773,7.333333333333333,0.9090909090909091,0.9,0.8666666666666667,0.8333333333333334,4.0,7.0,6.0,8.0,3.0,11.66666666666667,1.0,1.0,2.0,6.611111111111112,1.0,3.061719017556553,0.03338599205103546,17,Crete,0.3251540773910164,0.7304141428538428
Konya Plain,73,tr_byzantine_emp_1,800,6.812913356642856,5.767155866082181,5.352182518111363,7.333333333333333,0.9090909090909091,0.9,0.8666666666666667,0.8333333333333334,4.0,7.0,6.0,8.0,3.0,11.66666666666667,1.0,1.0,2.0,6.611111111111112,1.0,3.205999773374655,-0.06315276473011695,17,Crete,0.5771899733054524,0.7304141428538428
Crete,74,gr_crete_emirate,900,5.397940008672037,3.920957705955449,4.079181246047625,3.666666666666667,0.7,0.6333333333333333,0.8,0.8333333333333334,3.0,8.0,6.0,8.0,3.0,10.33333333333333,1.0,1.0,2.0,6.388888888888888,1.0,0.4750283458520059,1.322354617523276,17,Crete,-1.760879662367199,0.055002176356921194
Konya Plain,75,tr_byzantine_emp_2,900,6.903089986991944,5.785329835010767,5.0,7.5,0.9090909090909091,0.9166666666666666,0.8666666666666667,0.8333333333333334,4.0,7.0,6.0,8.0,3.0,10.66666666666667,1.0,1.0,2.0,6.444444444444446,1.0,3.155655363631896,-0.01024388295283659,17,Crete,0.3933916785091237,0.7516312726914418
Konya Plain,75,tr_byzantine_emp_2,1000,7.079181246047625,5.90848501887865,5.477121254719663,7.5,0.9090909090909091,0.9166666666666666,0.8666666666666667,0.8333333333333334,4.0,7.0,6.0,8.0,3.0,10.66666666666667,1.0,1.0,2.0,6.444444444444446,1.0,3.417476331759527,-0.2026623431867293,17,Crete,0.8484769755423822,0.7516312726914418
Crete,76,tr_byzantine_emp_3,1100,6.740362689494244,5.759667844689631,5.397940008672037,7.666666666666667,1.0,0.9166666666666666,0.8666666666666667,0.8333333333333334,4.0,8.0,6.0,8.0,3.0,10.66666666666667,1.0,1.0,2.0,6.611111111111112,1.0,3.400596321520454,-0.05746568672058313,17,Crete,0.5702596099805622,0.85771692187944
Crete,76,tr_byzantine_emp_3,1200,6.778151250383644,5.732393759822968,5.397940008672037,7.666666666666667,1.0,0.9166666666666666,0.8666666666666667,0.8333333333333334,4.0,8.0,6.0,8.0,3.0,10.66666666666667,1.0,1.0,2.0,6.611111111111112,1.0,3.404241249725858,-0.0569923901218707,17,Crete,0.5757320331985544,0.85771692187944
Konya Plain,176,tr_ottoman_emp_3,1700,7.380211241711606,6.691965102767361,5.845098040014257,8.166666666666666,1.0,0.9166666666666666,0.8866666666666668,0.8333333333333334,4.0,10.0,4.8,8.0,3.0,10.16666666666667,1.0,1.0,2.0,6.661111111111111,1.0,4.105421631561432,-0.6515248779978345,17,Crete,1.5858030551010194,0.88529919066832
Konya Plain,176,tr_ottoman_emp_3,1800,7.380211241711606,6.673020907128897,5.755874855672491,8.166666666666666,1.0,0.9166666666666666,0.8866666666666668,0.8333333333333334,4.0,10.0,4.8,8.0,3.0,10.16666666666667,1.0,1.0,2.0,6.661111111111111,1.0,4.066779911978555,-0.6234618895610723,17,Crete,1.5179665974512202,0.88529919066832
Susiana,107,ir_achaemenid_emp,-500,7.361727836017593,6.711807229041191,5.301029995663981,6.5,0.990909090909091,0.9727272727272728,0.8866666666666667,0.8333333333333334,3.0,7.0,4.1,7.6,3.0,11.13333333333333,1.0,1.0,2.0,5.972222222222221,1.0,3.652134625722199,-0.1854936781038575,22,Southern Mesopotamia,1.2242186911284898,0.946057335203264
Susiana,107,ir_achaemenid_emp,-400,7.414973347970818,6.608793373986931,5.301029995663981,6.5,0.990909090909091,0.9727272727272728,0.8866666666666667,0.8333333333333334,3.0,7.0,4.1,7.6,3.0,11.13333333333333,1.0,1.0,2.0,5.972222222222221,1.0,3.640707096233975,-0.1655066217367026,22,Southern Mesopotamia,1.202952314111165,0.946057335203264
Southern Mesopotamia,108,ir_seleucid_emp,-300,7.477121254719663,6.556302500767288,4.8750612633917,5.5,0.7777777777777778,0.9800000000000001,0.6466666666666667,0.8333333333333334,4.0,6.3,3.9,7.6,3.0,10.16666666666667,1.0,0.9,1.9,5.827777777777778,0.25,2.755432334304536,-0.1105727461282656,22,Southern Mesopotamia,0.9252420848386431,0.37561658279175997
Southern Mesopotamia,108,ir_seleucid_emp,-200,7.477121254719663,6.142232991794714,4.8750612633917,5.5,0.7777777777777778,0.9800000000000001,0.6466666666666667,0.8333333333333334,4.0,6.3,3.9,7.6,3.0,10.16666666666667,1.0,0.9,1.9,5.827777777777778,0.25,2.649238455403918,0.01329594463424614,22,Southern Mesopotamia,0.7394583915341184,0.37561658279175997
Susiana,125,ir_parthian_emp_1,-200,4.8750612633917,5.447158031342219,5.477121254719663,5.333333333333333,0.6777777777777777,0.9166666666666666,0.7933333333333333,0.8333333333333334,4.0,5.0,5.9,8.0,3.0,10.36666666666667,1.0,1.0,2.0,6.044444444444444,1.0,1.895964417219299,0.6049757593656936,22,Southern Mesopotamia,-0.39147580326063103,0.380567246420533
Southern Mesopotamia,108,ir_seleucid_emp,-100,7.477121254719663,6.142232991794714,4.8750612633917,5.5,0.7777777777777778,0.9800000000000001,0.6466666666666667,0.8333333333333334,4.0,6.3,3.9,7.6,3.0,10.16666666666667,1.0,0.9,1.9,5.827777777777778,0.25,2.649238455403918,0.01329594463424614,22,Southern Mesopotamia,0.7394583915341184,0.37561658279175997
Susiana,125,ir_parthian_emp_1,-100,6.736396502276643,6.301029995663981,5.477121254719663,5.333333333333333,0.6777777777777777,0.9166666666666666,0.7933333333333333,0.8333333333333334,4.0,5.0,5.9,8.0,3.0,10.36666666666667,1.0,1.0,2.0,6.044444444444444,1.0,2.639029248629344,-0.02903251274061788,22,Southern Mesopotamia,0.8639562644360722,0.380567246420533
Susiana,125,ir_parthian_emp_1,0,6.736396502276643,6.301029995663981,5.477121254719663,5.333333333333333,0.6777777777777777,0.9166666666666666,0.7933333333333333,0.8333333333333334,4.0,5.0,5.9,8.0,3.0,10.36666666666667,1.0,1.0,2.0,6.044444444444444,1.0,2.639029248629344,-0.02903251274061788,22,Southern Mesopotamia,0.8639562644360722,0.380567246420533
Southern Mesopotamia,483,iq_parthian_emp_2,100,6.676693609624866,6.278753600952829,5.602059991327963,5.333333333333333,0.5666666666666667,0.9166666666666666,0.7933333333333333,0.8333333333333334,3.6,5.0,5.1,8.0,3.0,10.36666666666667,1.0,1.0,2.0,5.844444444444444,1.0,2.522393333987413,-0.09042105470918123,22,Southern Mesopotamia,0.9090702006678695,0.25090700852409104
Southern Mesopotamia,483,iq_parthian_emp_2,200,6.698970004336019,6.255272505103306,4.477121254719663,5.333333333333333,0.5666666666666667,0.9166666666666666,0.7933333333333333,0.8333333333333334,3.6,5.0,5.1,8.0,3.0,10.36666666666667,1.0,1.0,2.0,5.844444444444444,1.0,2.096699759649977,0.1944425473890355,22,Southern Mesopotamia,0.160849975996161,0.25090700852409104
Susiana,128,ir_sassanid_emp_1,300,6.698970004336019,6.423245873936808,5.0,6.5,0.4545454545454545,0.9818181818181819,0.4933333333333334,0.8333333333333334,4.0,7.0,3.9,8.0,3.0,7.633333333333333,1.0,0.9,1.9,5.588888888888889,1.0,2.146990351061031,-0.339991613515056,22,Southern Mesopotamia,0.5839490023693422,-0.2107263012758035
Susiana,128,ir_sassanid_emp_1,400,6.698970004336019,6.498310553789601,5.397940008672037,6.5,0.4545454545454545,0.9818181818181819,0.4933333333333334,0.8333333333333334,4.0,7.0,3.9,8.0,3.0,7.633333333333333,1.0,0.9,1.9,5.588888888888889,1.0,2.316916624954944,-0.4623337854961571,22,Southern Mesopotamia,0.8822732382427093,-0.2107263012758035
Susiana,130,ir_sassanid_emp_2,500,6.949390006644913,6.540954808926132,5.602059991327963,6.666666666666667,0.5181818181818182,0.99,0.7799999999999999,0.8333333333333334,4.0,7.0,3.9,8.0,3.0,11.33333333333333,1.0,0.9,1.9,6.205555555555556,1.0,2.933566172091019,-0.4058122875641046,22,Southern Mesopotamia,1.1545137675272028,0.2692951877166772
Susiana,130,ir_sassanid_emp_2,600,7.103803720955957,6.444044795918076,5.698970004336019,6.666666666666667,0.6090909090909091,0.99,0.7799999999999999,0.8333333333333334,4.0,7.0,3.9,8.0,3.0,11.33333333333333,1.0,0.9,1.9,6.205555555555556,1.0,3.10458943801611,-0.3925973118894461,22,Southern Mesopotamia,1.2478473892097115,0.3753808369046754
Southern Mesopotamia,131,sy_umayyad_cal,700,7.447158031342219,6.954242509439325,5.477121254719663,4.833333333333333,0.6363636363636364,0.990909090909091,0.9266666666666666,0.8333333333333334,4.0,8.0,3.0,7.0,3.0,10.33333333333333,1.0,1.0,2.0,5.888888888888888,1.0,3.114963368233648,-0.1541257777732701,22,Southern Mesopotamia,1.4901380216582627,0.6106338007706665
Southern Mesopotamia,132,iq_abbasid_cal_1,800,7.447158031342219,6.919078092376074,5.845098040014257,6.0,0.4545454545454545,0.9833333333333334,0.9333333333333333,0.8333333333333334,4.0,7.0,4.0,7.6,3.0,10.0,1.0,1.0,2.0,5.933333333333334,1.0,3.228365169744032,-0.5159619820339706,22,Southern Mesopotamia,1.7190783164812922,0.39801244206478237
Southern Mesopotamia,132,iq_abbasid_cal_1,900,7.0,6.0,5.954242509439325,6.0,0.4545454545454545,0.9833333333333334,0.9333333333333333,0.8333333333333334,4.0,7.0,4.0,7.6,3.0,10.0,1.0,1.0,2.0,5.933333333333334,1.0,2.908079176095584,-0.1774699973291842,22,Southern Mesopotamia,1.1697319985095764,0.39801244206478237
Susiana,362,ir_buyid_confederation,1000,6.698970004336019,5.954242509439325,5.096910013008056,5.833333333333333,0.6555555555555554,1.0,0.6533333333333334,0.8333333333333334,4.0,7.0,4.9,8.0,3.0,10.0,1.0,1.0,2.0,6.149999999999999,1.0,2.406474171925722,0.08568929923443373,22,Southern Mesopotamia,0.43796636079431045,0.2676449665070862
Susiana,364,ir_seljuk_sultanate,1100,7.08278537031645,6.628388930050312,5.8750612633917,5.0,0.8272727272727273,0.9700000000000001,0.8,0.8333333333333334,4.0,6.3,5.0,7.9,3.0,,1.0,1.0,2.0,4.366666666666667,1.0,3.177726793997714,-0.1193447650608072,22,Southern Mesopotamia,1.4378151794571665,0.632108107939631
Susiana,172,ir_il_khanate,1300,6.720159303405957,6.57978359661681,5.176091259055681,5.5,0.7,0.9,0.8,1.0,4.0,8.0,6.0,8.0,3.0,10.33333333333333,1.0,1.0,2.0,6.555555555555554,1.0,2.823325477410468,0.3366736040308569,22,Southern Mesopotamia,0.7812213886172498,0.5005619029465129
Sogdiana,370,uz_timurid_emp,1400,7.690196080028514,6.740362689494244,5.176091259055681,6.166666666666667,0.7999999999999999,0.9750000000000001,0.7933333333333333,0.8333333333333334,4.0,7.2,5.0,8.0,3.0,9.8,1.0,1.0,2.0,6.166666666666667,1.0,3.293610069772008,-0.3082681082438112,22,Southern Mesopotamia,1.3078795084237256,0.5974534625382183
Sogdiana,370,uz_timurid_emp,1500,7.690196080028514,6.740362689494244,5.176091259055681,6.166666666666667,0.7999999999999999,0.9750000000000001,0.7933333333333333,0.8333333333333334,4.0,7.2,5.0,8.0,3.0,9.8,1.0,1.0,2.0,6.166666666666667,1.0,3.293610069772008,-0.3082681082438112,22,Southern Mesopotamia,1.3078795084237256,0.5974534625382183
Konya Plain,175,tr_ottoman_emp_2,1600,7.447158031342219,6.684486292188734,5.829303772831025,8.166666666666666,1.0,0.9166666666666666,0.9333333333333333,0.8333333333333334,4.0,10.0,5.9,8.0,3.0,10.66666666666667,1.0,1.0,2.0,6.927777777777777,1.0,4.170934792327341,-0.632320355649071,22,Southern Mesopotamia,1.6033184870643835,0.9496578178423718
Susiana,374,ir_safavid_emp,1600,6.954242509439325,6.431363764158988,5.301029995663981,5.666666666666667,0.8181818181818182,0.8250000000000001,0.8666666666666667,0.8333333333333334,4.0,10.0,5.0,7.9,3.0,10.33333333333333,1.0,1.0,2.0,6.705555555555556,1.0,2.872500103785637,-0.1106413621301737,22,Southern Mesopotamia,0.9074211024873592,0.5288514093966457
Konya Plain,176,tr_ottoman_emp_3,1700,7.380211241711606,6.691965102767361,5.845098040014257,8.166666666666666,1.0,0.9166666666666666,0.8866666666666668,0.8333333333333334,4.0,10.0,4.8,8.0,3.0,10.16666666666667,1.0,1.0,2.0,6.661111111111111,1.0,4.105421631561432,-0.6515248779978345,22,Southern Mesopotamia,1.5858030551010194,0.88529919066832
Susiana,374,ir_safavid_emp,1700,6.954242509439325,6.431363764158988,5.301029995663981,5.666666666666667,0.8181818181818182,0.8250000000000001,0.8666666666666667,0.8333333333333334,4.0,10.0,5.0,7.9,3.0,10.33333333333333,1.0,1.0,2.0,6.705555555555556,1.0,2.872500103785637,-0.1106413621301737,22,Southern Mesopotamia,0.9074211024873592,0.5288514093966457
Konya Plain,176,tr_ottoman_emp_3,1800,7.380211241711606,6.673020907128897,5.755874855672491,8.166666666666666,1.0,0.9166666666666666,0.8866666666666668,0.8333333333333334,4.0,10.0,4.8,8.0,3.0,10.16666666666667,1.0,1.0,2.0,6.661111111111111,1.0,4.066779911978555,-0.6234618895610723,22,Southern Mesopotamia,1.5179665974512202,0.88529919066832
Susiana,107,ir_achaemenid_emp,-500,7.361727836017593,6.711807229041191,5.301029995663981,6.5,0.990909090909091,0.9727272727272728,0.8866666666666667,0.8333333333333334,3.0,7.0,4.1,7.6,3.0,11.13333333333333,1.0,1.0,2.0,5.972222222222221,1.0,3.652134625722199,-0.1854936781038575,23,Susiana,1.2242186911284898,0.946057335203264
Susiana,107,ir_achaemenid_emp,-400,7.414973347970818,6.608793373986931,5.301029995663981,6.5,0.990909090909091,0.9727272727272728,0.8866666666666667,0.8333333333333334,3.0,7.0,4.1,7.6,3.0,11.13333333333333,1.0,1.0,2.0,5.972222222222221,1.0,3.640707096233975,-0.1655066217367026,23,Susiana,1.202952314111165,0.946057335203264
Southern Mesopotamia,108,ir_seleucid_emp,-300,7.477121254719663,6.556302500767288,4.8750612633917,5.5,0.7777777777777778,0.9800000000000001,0.6466666666666667,0.8333333333333334,4.0,6.3,3.9,7.6,3.0,10.16666666666667,1.0,0.9,1.9,5.827777777777778,0.25,2.755432334304536,-0.1105727461282656,23,Susiana,0.9252420848386431,0.37561658279175997
Southern Mesopotamia,108,ir_seleucid_emp,-200,7.477121254719663,6.142232991794714,4.8750612633917,5.5,0.7777777777777778,0.9800000000000001,0.6466666666666667,0.8333333333333334,4.0,6.3,3.9,7.6,3.0,10.16666666666667,1.0,0.9,1.9,5.827777777777778,0.25,2.649238455403918,0.01329594463424614,23,Susiana,0.7394583915341184,0.37561658279175997
Susiana,125,ir_parthian_emp_1,-200,4.8750612633917,5.447158031342219,5.477121254719663,5.333333333333333,0.6777777777777777,0.9166666666666666,0.7933333333333333,0.8333333333333334,4.0,5.0,5.9,8.0,3.0,10.36666666666667,1.0,1.0,2.0,6.044444444444444,1.0,1.895964417219299,0.6049757593656936,23,Susiana,-0.39147580326063103,0.380567246420533
Southern Mesopotamia,108,ir_seleucid_emp,-100,7.477121254719663,6.142232991794714,4.8750612633917,5.5,0.7777777777777778,0.9800000000000001,0.6466666666666667,0.8333333333333334,4.0,6.3,3.9,7.6,3.0,10.16666666666667,1.0,0.9,1.9,5.827777777777778,0.25,2.649238455403918,0.01329594463424614,23,Susiana,0.7394583915341184,0.37561658279175997
Susiana,125,ir_parthian_emp_1,-100,6.736396502276643,6.301029995663981,5.477121254719663,5.333333333333333,0.6777777777777777,0.9166666666666666,0.7933333333333333,0.8333333333333334,4.0,5.0,5.9,8.0,3.0,10.36666666666667,1.0,1.0,2.0,6.044444444444444,1.0,2.639029248629344,-0.02903251274061788,23,Susiana,0.8639562644360722,0.380567246420533
Susiana,125,ir_parthian_emp_1,0,6.736396502276643,6.301029995663981,5.477121254719663,5.333333333333333,0.6777777777777777,0.9166666666666666,0.7933333333333333,0.8333333333333334,4.0,5.0,5.9,8.0,3.0,10.36666666666667,1.0,1.0,2.0,6.044444444444444,1.0,2.639029248629344,-0.02903251274061788,23,Susiana,0.8639562644360722,0.380567246420533
Susiana,128,ir_sassanid_emp_1,300,6.698970004336019,6.423245873936808,5.0,6.5,0.4545454545454545,0.9818181818181819,0.4933333333333334,0.8333333333333334,4.0,7.0,3.9,8.0,3.0,7.633333333333333,1.0,0.9,1.9,5.588888888888889,1.0,2.146990351061031,-0.339991613515056,23,Susiana,0.5839490023693422,-0.2107263012758035
Susiana,128,ir_sassanid_emp_1,400,6.698970004336019,6.498310553789601,5.397940008672037,6.5,0.4545454545454545,0.9818181818181819,0.4933333333333334,0.8333333333333334,4.0,7.0,3.9,8.0,3.0,7.633333333333333,1.0,0.9,1.9,5.588888888888889,1.0,2.316916624954944,-0.4623337854961571,23,Susiana,0.8822732382427093,-0.2107263012758035
Susiana,130,ir_sassanid_emp_2,500,6.949390006644913,6.540954808926132,5.602059991327963,6.666666666666667,0.5181818181818182,0.99,0.7799999999999999,0.8333333333333334,4.0,7.0,3.9,8.0,3.0,11.33333333333333,1.0,0.9,1.9,6.205555555555556,1.0,2.933566172091019,-0.4058122875641046,23,Susiana,1.1545137675272028,0.2692951877166772
Susiana,130,ir_sassanid_emp_2,600,7.103803720955957,6.444044795918076,5.698970004336019,6.666666666666667,0.6090909090909091,0.99,0.7799999999999999,0.8333333333333334,4.0,7.0,3.9,8.0,3.0,11.33333333333333,1.0,0.9,1.9,6.205555555555556,1.0,3.10458943801611,-0.3925973118894461,23,Susiana,1.2478473892097115,0.3753808369046754
Southern Mesopotamia,131,sy_umayyad_cal,700,7.447158031342219,6.954242509439325,5.477121254719663,4.833333333333333,0.6363636363636364,0.990909090909091,0.9266666666666666,0.8333333333333334,4.0,8.0,3.0,7.0,3.0,10.33333333333333,1.0,1.0,2.0,5.888888888888888,1.0,3.114963368233648,-0.1541257777732701,23,Susiana,1.4901380216582627,0.6106338007706665
Southern Mesopotamia,132,iq_abbasid_cal_1,800,7.447158031342219,6.919078092376074,5.845098040014257,6.0,0.4545454545454545,0.9833333333333334,0.9333333333333333,0.8333333333333334,4.0,7.0,4.0,7.6,3.0,10.0,1.0,1.0,2.0,5.933333333333334,1.0,3.228365169744032,-0.5159619820339706,23,Susiana,1.7190783164812922,0.39801244206478237
Southern Mesopotamia,132,iq_abbasid_cal_1,900,7.0,6.0,5.954242509439325,6.0,0.4545454545454545,0.9833333333333334,0.9333333333333333,0.8333333333333334,4.0,7.0,4.0,7.6,3.0,10.0,1.0,1.0,2.0,5.933333333333334,1.0,2.908079176095584,-0.1774699973291842,23,Susiana,1.1697319985095764,0.39801244206478237
Susiana,362,ir_buyid_confederation,1000,6.698970004336019,5.954242509439325,5.096910013008056,5.833333333333333,0.6555555555555554,1.0,0.6533333333333334,0.8333333333333334,4.0,7.0,4.9,8.0,3.0,10.0,1.0,1.0,2.0,6.149999999999999,1.0,2.406474171925722,0.08568929923443373,23,Susiana,0.43796636079431045,0.2676449665070862
Susiana,364,ir_seljuk_sultanate,1100,7.08278537031645,6.628388930050312,5.8750612633917,5.0,0.8272727272727273,0.9700000000000001,0.8,0.8333333333333334,4.0,6.3,5.0,7.9,3.0,,1.0,1.0,2.0,4.366666666666667,1.0,3.177726793997714,-0.1193447650608072,23,Susiana,1.4378151794571665,0.632108107939631
Susiana,172,ir_il_khanate,1300,6.720159303405957,6.57978359661681,5.176091259055681,5.5,0.7,0.9,0.8,1.0,4.0,8.0,6.0,8.0,3.0,10.33333333333333,1.0,1.0,2.0,6.555555555555554,1.0,2.823325477410468,0.3366736040308569,23,Susiana,0.7812213886172498,0.5005619029465129
Sogdiana,370,uz_timurid_emp,1400,7.690196080028514,6.740362689494244,5.176091259055681,6.166666666666667,0.7999999999999999,0.9750000000000001,0.7933333333333333,0.8333333333333334,4.0,7.2,5.0,8.0,3.0,9.8,1.0,1.0,2.0,6.166666666666667,1.0,3.293610069772008,-0.3082681082438112,23,Susiana,1.3078795084237256,0.5974534625382183
Sogdiana,370,uz_timurid_emp,1500,7.690196080028514,6.740362689494244,5.176091259055681,6.166666666666667,0.7999999999999999,0.9750000000000001,0.7933333333333333,0.8333333333333334,4.0,7.2,5.0,8.0,3.0,9.8,1.0,1.0,2.0,6.166666666666667,1.0,3.293610069772008,-0.3082681082438112,23,Susiana,1.3078795084237256,0.5974534625382183
Susiana,374,ir_safavid_emp,1600,6.954242509439325,6.431363764158988,5.301029995663981,5.666666666666667,0.8181818181818182,0.8250000000000001,0.8666666666666667,0.8333333333333334,4.0,10.0,5.0,7.9,3.0,10.33333333333333,1.0,1.0,2.0,6.705555555555556,1.0,2.872500103785637,-0.1106413621301737,23,Susiana,0.9074211024873592,0.5288514093966457
Susiana,374,ir_safavid_emp,1700,6.954242509439325,6.431363764158988,5.301029995663981,5.666666666666667,0.8181818181818182,0.8250000000000001,0.8666666666666667,0.8333333333333334,4.0,10.0,5.0,7.9,3.0,10.33333333333333,1.0,1.0,2.0,6.705555555555556,1.0,2.872500103785637,-0.1106413621301737,23,Susiana,0.9074211024873592,0.5288514093966457
Konya Plain,162,tr_hatti_old_k,-1600,6.079181246047625,4.795880017344075,4.096910013008056,4.166666666666667,0.875,0.8625,0.6,0.5,2.0,5.0,4.0,6.0,3.0,4.333333333333333,1.0,0.1,1.1,4.055555555555555,0.0625,0.9095153197021026,0.2189129370266685,24,Konya Plain,-1.0372661793994562,0.06295860004602152
Konya Plain,162,tr_hatti_old_k,-1500,6.079181246047625,5.243038048686294,4.096910013008056,4.166666666666667,0.875,0.8625,0.6,0.5,2.0,5.0,4.0,6.0,3.0,4.333333333333333,1.0,0.1,1.1,4.055555555555555,0.0625,1.024195209915752,0.08514583100686335,24,Konya Plain,-0.8366364089059217,0.06295860004602152
Konya Plain,164,tr_hatti_new_k,-1400,6.217483944213907,5.477121254719663,4.243038048686294,4.666666666666667,0.8181818181818182,0.8,0.6,0.5,3.0,5.0,4.0,6.0,3.0,4.333333333333333,1.0,1.0,2.0,4.222222222222222,0.0625,1.116573172160173,-0.2201649228583235,24,Konya Plain,-0.5696122707674234,-0.0829091675874758
Konya Plain,164,tr_hatti_new_k,-1300,6.217483944213907,5.477121254719663,4.243038048686294,4.666666666666667,0.8181818181818182,0.8,0.6,0.5,3.0,5.0,4.0,6.0,3.0,4.333333333333333,1.0,1.0,2.0,4.222222222222222,0.0625,1.116573172160173,-0.2201649228583235,24,Konya Plain,-0.5696122707674234,-0.0829091675874758
Konya Plain,164,tr_hatti_new_k,-1200,6.217483944213907,5.544068044350276,4.243038048686294,4.666666666666667,0.8181818181818182,0.8,0.6,0.5,3.0,5.0,4.0,6.0,3.0,4.333333333333333,1.0,1.0,2.0,4.222222222222222,0.0625,1.133742606558902,-0.2401920221800623,24,Konya Plain,-0.5395747491365318,-0.0829091675874758
Susiana,107,ir_achaemenid_emp,-500,7.361727836017593,6.711807229041191,5.301029995663981,6.5,0.990909090909091,0.9727272727272728,0.8866666666666667,0.8333333333333334,3.0,7.0,4.1,7.6,3.0,11.13333333333333,1.0,1.0,2.0,5.972222222222221,1.0,3.652134625722199,-0.1854936781038575,24,Konya Plain,1.2242186911284898,0.946057335203264
Susiana,107,ir_achaemenid_emp,-400,7.414973347970818,6.608793373986931,5.301029995663981,6.5,0.990909090909091,0.9727272727272728,0.8866666666666667,0.8333333333333334,3.0,7.0,4.1,7.6,3.0,11.13333333333333,1.0,1.0,2.0,5.972222222222221,1.0,3.640707096233975,-0.1655066217367026,24,Konya Plain,1.202952314111165,0.946057335203264
Southern Mesopotamia,108,ir_seleucid_emp,-300,7.477121254719663,6.556302500767288,4.8750612633917,5.5,0.7777777777777778,0.9800000000000001,0.6466666666666667,0.8333333333333334,4.0,6.3,3.9,7.6,3.0,10.16666666666667,1.0,0.9,1.9,5.827777777777778,0.25,2.755432334304536,-0.1105727461282656,24,Konya Plain,0.9252420848386431,0.37561658279175997
Southern Mesopotamia,108,ir_seleucid_emp,-200,7.477121254719663,6.142232991794714,4.8750612633917,5.5,0.7777777777777778,0.9800000000000001,0.6466666666666667,0.8333333333333334,4.0,6.3,3.9,7.6,3.0,10.16666666666667,1.0,0.9,1.9,5.827777777777778,0.25,2.649238455403918,0.01329594463424614,24,Konya Plain,0.7394583915341184,0.37561658279175997
Southern Mesopotamia,108,ir_seleucid_emp,-100,7.477121254719663,6.142232991794714,4.8750612633917,5.5,0.7777777777777778,0.9800000000000001,0.6466666666666667,0.8333333333333334,4.0,6.3,3.9,7.6,3.0,10.16666666666667,1.0,0.9,1.9,5.827777777777778,0.25,2.649238455403918,0.01329594463424614,24,Konya Plain,0.7394583915341184,0.37561658279175997
Latium,70,it_roman_principate,0,7.698970004336019,6.653212513775344,6.0,8.166666666666666,0.6454545454545454,0.9916666666666667,0.8666666666666667,0.8333333333333334,4.0,7.0,2.9,8.0,3.0,11.66666666666667,1.0,1.0,2.0,6.094444444444444,0.1875,3.868225034856838,-0.8373068383423888,24,Konya Plain,1.8208180062878754,0.539459974315446
Latium,70,it_roman_principate,100,7.740362689494244,6.763427993562937,6.041392685158225,8.166666666666666,0.6454545454545454,0.9916666666666667,0.8666666666666667,0.8333333333333334,4.0,7.0,2.9,8.0,3.0,11.66666666666667,1.0,1.0,2.0,6.094444444444444,0.1875,3.923818660146249,-0.8890864580558385,24,Konya Plain,1.9171956139051216,0.539459974315446
Latium,70,it_roman_principate,200,7.795880017344075,6.698970004336019,6.0,8.166666666666666,0.6454545454545454,0.9916666666666667,0.8666666666666667,0.8333333333333334,4.0,7.0,2.9,8.0,3.0,11.66666666666667,1.0,1.0,2.0,6.094444444444444,0.1875,3.907246159861252,-0.870705484247147,24,Konya Plain,1.8867654575173456,0.539459974315446
Konya Plain,71,tr_roman_dominate,300,7.740362689494244,6.628388930050312,5.903089986991944,7.5,0.8272727272727273,0.9916666666666667,0.86,0.8333333333333334,4.0,7.0,2.8,6.8,3.0,10.16666666666667,1.0,1.0,2.0,5.627777777777777,0.1875,3.936605537390025,-0.6256087841344401,24,Konya Plain,1.7646303556817646,0.7424371830951491
Konya Plain,72,tr_east_roman_emp,400,7.176091259055681,6.113943352306837,5.477121254719663,7.666666666666667,0.9090909090909091,0.9166666666666666,0.9266666666666666,0.8333333333333334,4.0,7.0,6.0,8.0,3.0,11.66666666666667,1.0,1.0,2.0,6.611111111111112,1.0,3.598564261384611,-0.277675405719948,24,Konya Plain,0.9860786098711856,0.8343780790580804
Konya Plain,72,tr_east_roman_emp,500,7.301029995663981,6.146128035678238,5.698970004336019,7.666666666666667,0.9090909090909091,0.9166666666666666,0.9266666666666666,0.8333333333333334,4.0,7.0,6.0,8.0,3.0,11.66666666666667,1.0,1.0,2.0,6.611111111111112,1.0,3.725996409199662,-0.3684005344430716,24,Konya Plain,1.206609357602661,0.8343780790580804
Konya Plain,72,tr_east_roman_emp,600,7.138302698166282,6.217483944213907,5.301029995663981,7.666666666666667,0.9090909090909091,0.9166666666666666,0.9266666666666666,0.8333333333333334,4.0,7.0,6.0,8.0,3.0,11.66666666666667,1.0,1.0,2.0,6.611111111111112,1.0,3.547804235955578,-0.2567632615763129,24,Konya Plain,0.8977182440802299,0.8343780790580804
Konya Plain,73,tr_byzantine_emp_1,700,6.759667844689631,5.767155866082181,5.010723865391773,7.333333333333333,0.9090909090909091,0.9,0.8666666666666667,0.8333333333333334,4.0,7.0,6.0,8.0,3.0,11.66666666666667,1.0,1.0,2.0,6.611111111111112,1.0,3.061719017556553,0.03338599205103546,24,Konya Plain,0.3251540773910164,0.7304141428538428
Konya Plain,73,tr_byzantine_emp_1,800,6.812913356642856,5.767155866082181,5.352182518111363,7.333333333333333,0.9090909090909091,0.9,0.8666666666666667,0.8333333333333334,4.0,7.0,6.0,8.0,3.0,11.66666666666667,1.0,1.0,2.0,6.611111111111112,1.0,3.205999773374655,-0.06315276473011695,24,Konya Plain,0.5771899733054524,0.7304141428538428
Konya Plain,75,tr_byzantine_emp_2,900,6.903089986991944,5.785329835010767,5.0,7.5,0.9090909090909091,0.9166666666666666,0.8666666666666667,0.8333333333333334,4.0,7.0,6.0,8.0,3.0,10.66666666666667,1.0,1.0,2.0,6.444444444444446,1.0,3.155655363631896,-0.01024388295283659,24,Konya Plain,0.3933916785091237,0.7516312726914418
Konya Plain,75,tr_byzantine_emp_2,1000,7.079181246047625,5.90848501887865,5.477121254719663,7.5,0.9090909090909091,0.9166666666666666,0.8666666666666667,0.8333333333333334,4.0,7.0,6.0,8.0,3.0,10.66666666666667,1.0,1.0,2.0,6.444444444444446,1.0,3.417476331759527,-0.2026623431867293,24,Konya Plain,0.8484769755423822,0.7516312726914418
Konya Plain,171,tr_rum_sultanate,1100,6.243038048686294,5.439332693830263,4.544068044350276,4.833333333333333,0.8363636363636363,1.0,0.8466666666666668,0.8333333333333334,3.6,5.4,5.9,7.9,3.0,,1.0,1.0,2.0,4.3,1.0,2.207140694716063,0.8293548836671483,24,Konya Plain,-0.37439540238970564,0.7452661337401619
Konya Plain,171,tr_rum_sultanate,1200,6.243038048686294,5.439332693830263,4.544068044350276,4.833333333333333,0.8363636363636363,1.0,0.8466666666666668,0.8333333333333334,3.6,7.2,5.9,7.9,3.0,,1.0,1.0,2.0,4.600000000000001,1.0,2.207140694716063,0.8293548836671483,24,Konya Plain,-0.37439540238970564,0.7452661337401619
Konya Plain,171,tr_rum_sultanate,1300,6.243038048686294,5.439332693830263,4.544068044350276,4.833333333333333,0.8363636363636363,1.0,0.8466666666666668,0.8333333333333334,3.6,8.0,5.9,7.9,3.0,,1.0,1.0,2.0,4.733333333333333,1.0,2.207140694716063,0.8293548836671483,24,Konya Plain,-0.37439540238970564,0.7452661337401619
Susiana,172,ir_il_khanate,1300,6.720159303405957,6.57978359661681,5.176091259055681,5.5,0.7,0.9,0.8,1.0,4.0,8.0,6.0,8.0,3.0,10.33333333333333,1.0,1.0,2.0,6.555555555555554,1.0,2.823325477410468,0.3366736040308569,24,Konya Plain,0.7812213886172498,0.5005619029465129
Konya Plain,173,tr_ottoman_emirate,1300,5.477121254719663,4.255272505103306,4.397940008672037,3.666666666666667,0.4636363636363636,0.89,0.8333333333333335,0.8333333333333334,4.0,8.0,6.0,8.0,3.0,10.66666666666667,1.0,1.0,2.0,6.611111111111112,1.0,0.7806252534580785,1.293142483360349,24,Konya Plain,-1.3617856240296065,0.15189373594862654
Konya Plain,173,tr_ottoman_emirate,1400,6.698970004336019,5.838849090737256,4.397940008672037,5.0,0.7363636363636363,0.89,0.8333333333333335,0.8333333333333334,4.0,9.0,6.0,8.0,3.0,10.66666666666667,1.0,1.0,2.0,6.777777777777779,1.0,2.125564993356498,0.4662596443672015,24,Konya Plain,-0.07864823450166217,0.4701506835126211
Konya Plain,174,tr_ottoman_emp_1,1500,6.954242509439325,6.363611979892144,5.484299839346786,5.833333333333333,0.9818181818181819,0.9,0.9333333333333333,0.8333333333333334,4.0,10.0,6.0,8.0,3.0,10.16666666666667,1.0,1.0,2.0,6.861111111111112,1.0,3.34067360347579,0.01908035251111909,24,Konya Plain,0.9989034266436884,0.9072235581671728
Konya Plain,175,tr_ottoman_emp_2,1600,7.447158031342219,6.684486292188734,5.829303772831025,8.166666666666666,1.0,0.9166666666666666,0.9333333333333333,0.8333333333333334,4.0,10.0,5.9,8.0,3.0,10.66666666666667,1.0,1.0,2.0,6.927777777777777,1.0,4.170934792327341,-0.632320355649071,24,Konya Plain,1.6033184870643835,0.9496578178423718
Konya Plain,176,tr_ottoman_emp_3,1700,7.380211241711606,6.691965102767361,5.845098040014257,8.166666666666666,1.0,0.9166666666666666,0.8866666666666668,0.8333333333333334,4.0,10.0,4.8,8.0,3.0,10.16666666666667,1.0,1.0,2.0,6.661111111111111,1.0,4.105421631561432,-0.6515248779978345,24,Konya Plain,1.5858030551010194,0.88529919066832
Konya Plain,176,tr_ottoman_emp_3,1800,7.380211241711606,6.673020907128897,5.755874855672491,8.166666666666666,1.0,0.9166666666666666,0.8866666666666668,0.8333333333333334,4.0,10.0,4.8,8.0,3.0,10.16666666666667,1.0,1.0,2.0,6.661111111111111,1.0,4.066779911978555,-0.6234618895610723,24,Konya Plain,1.5179665974512202,0.88529919066832
Iceland,115,is_icelandic_commonwealth,1000,4.096910013008056,5.012837224705172,2.397940008672037,2.333333333333333,0.1,0.0,0.2066666666666667,0.6666666666666666,3.0,4.5,5.0,6.5,3.0,,1.0,1.0,2.0,3.666666666666667,0.125,-2.975043244406528,0.2823444009012054,25,Iceland,-2.9987942355257045,-2.375773665370741
Iceland,115,is_icelandic_commonwealth,1100,4.477121254719663,5.012837224705172,2.397940008672037,2.666666666666667,0.1909090909090909,0.0,0.46,0.6666666666666666,3.0,4.5,5.0,6.5,3.0,,1.0,1.0,2.0,3.666666666666667,1.0,-2.394174307973099,0.3333436433758995,25,Iceland,-2.820607394283817,-1.9203126115236027
Iceland,115,is_icelandic_commonwealth,1200,4.602059991327963,5.012837224705172,2.397940008672037,2.666666666666667,0.1909090909090909,0.0,0.86,0.6666666666666666,3.0,6.0,5.0,6.5,3.0,,1.0,1.0,2.0,3.916666666666667,1.0,-1.891322561821115,0.5360945756556104,25,Iceland,-2.7620545784208095,-1.3686672357460126
Iceland,116,no_norway_k_2,1300,4.845098040014257,5.012837224705172,2.397940008672037,3.666666666666667,0.5545454545454546,0.01666666666666667,0.86,0.6666666666666666,4.0,6.0,5.0,7.6,3.0,,1.0,1.0,2.0,4.266666666666667,1.0,-1.152320944175215,0.4944498488670086,25,Iceland,-2.648154258161865,-0.9231075091564207
Latium,181,it_roman_k,-700,4.544068044350276,3.0,4.0,3.333333333333333,0.1727272727272727,0.5666666666666668,0.5933333333333334,0.1666666666666667,3.6,4.5,5.9,6.0,3.0,8.6,1.0,1.0,2.0,5.266666666666667,0.125,-1.839462771406515,-0.1717978126493609,26,Latium,-2.626920072158399,-1.354522482520946
Latium,181,it_roman_k,-600,4.544068044350276,3.0,4.551754873016566,3.333333333333333,0.2545454545454545,0.5666666666666668,0.5933333333333334,0.1666666666666667,3.6,4.5,5.9,8.0,3.0,8.6,1.0,1.0,2.0,5.600000000000001,0.125,-1.526411792488348,-0.2743333616852086,26,Latium,-2.2599832634480443,-1.2590453982517478
Latium,182,it_roman_rep_1,-500,5.0,3.113943352306837,4.477121254719663,3.666666666666667,0.3636363636363636,0.6666666666666666,0.8400000000000001,0.8333333333333334,3.6,5.0,4.9,7.5,3.0,,1.0,1.0,2.0,4.0,0.0625,-0.03066688503514853,1.452502032391184,26,Latium,-2.0448199543705523,-0.23991592838571318
Latium,182,it_roman_rep_1,-400,5.176091259055681,3.113943352306837,4.477121254719663,3.666666666666667,0.3636363636363636,0.6666666666666666,0.8400000000000001,0.8333333333333334,3.6,5.0,4.9,7.5,3.0,,1.0,1.0,2.0,4.0,0.0625,0.01891336533313442,1.416687217384683,26,Latium,-1.962294395472853,-0.23991592838571318
Latium,182,it_roman_rep_1,-300,5.8750612633917,4.243038048686294,4.740362689494244,4.666666666666667,0.3636363636363636,0.6666666666666666,0.8400000000000001,0.8333333333333334,3.6,5.0,4.9,7.5,3.0,,1.0,1.0,2.0,4.0,0.0625,0.7907095949179995,0.7022954100337145,26,Latium,-0.9530561007746999,-0.23991592838571318
Latium,183,it_roman_rep_2,-200,6.574031267727719,5.633468455579586,5.32221929473392,4.833333333333333,0.3636363636363636,0.8333333333333334,0.8533333333333334,0.8333333333333334,3.6,7.0,3.3,7.6,3.0,,1.0,1.0,2.0,4.083333333333333,0.1875,1.830923609872601,0.1411732539338274,26,Latium,0.385328193060585,-0.009356450817130636
Latium,184,it_roman_rep_3,-100,7.477121254719663,6.435366506612661,5.602059991327963,5.833333333333333,0.2818181818181818,0.8333333333333334,0.8666666666666667,0.8333333333333334,4.0,7.0,3.3,8.0,3.0,,1.0,1.0,2.0,4.216666666666667,0.1875,2.494015907583928,-0.549374531641433,26,Latium,1.35446108584321,-0.08644535589374289
Latium,70,it_roman_principate,0,7.698970004336019,6.653212513775344,6.0,8.166666666666666,0.6454545454545454,0.9916666666666667,0.8666666666666667,0.8333333333333334,4.0,7.0,2.9,8.0,3.0,11.66666666666667,1.0,1.0,2.0,6.094444444444444,0.1875,3.868225034856838,-0.8373068383423888,26,Latium,1.8208180062878754,0.539459974315446
Latium,70,it_roman_principate,100,7.740362689494244,6.763427993562937,6.041392685158225,8.166666666666666,0.6454545454545454,0.9916666666666667,0.8666666666666667,0.8333333333333334,4.0,7.0,2.9,8.0,3.0,11.66666666666667,1.0,1.0,2.0,6.094444444444444,0.1875,3.923818660146249,-0.8890864580558385,26,Latium,1.9171956139051216,0.539459974315446
Latium,70,it_roman_principate,200,7.795880017344075,6.698970004336019,6.0,8.166666666666666,0.6454545454545454,0.9916666666666667,0.8666666666666667,0.8333333333333334,4.0,7.0,2.9,8.0,3.0,11.66666666666667,1.0,1.0,2.0,6.094444444444444,0.1875,3.907246159861252,-0.870705484247147,26,Latium,1.8867654575173456,0.539459974315446
Konya Plain,71,tr_roman_dominate,300,7.740362689494244,6.628388930050312,5.903089986991944,7.5,0.8272727272727273,0.9916666666666667,0.86,0.8333333333333334,4.0,7.0,2.8,6.8,3.0,10.16666666666667,1.0,1.0,2.0,5.627777777777777,0.1875,3.936605537390025,-0.6256087841344401,26,Latium,1.7646303556817646,0.7424371830951491
Latium,186,it_ostrogoth_k,500,6.740362689494244,5.802773725291976,5.176091259055681,5.666666666666667,0.7363636363636363,0.9750000000000001,0.86,0.8333333333333334,4.0,7.2,2.9,7.0,3.0,11.33333333333333,1.0,1.0,2.0,5.905555555555556,1.0,2.689793630894476,0.2596466362851966,26,Latium,0.44206286398287004,0.6151344040695518
Latium,187,it_ravenna_exarchate,600,6.0,4.698970004336019,4.477121254719663,5.333333333333333,0.6636363636363636,0.8333333333333334,0.8466666666666668,0.8333333333333334,4.0,5.0,2.7,7.0,3.0,10.33333333333333,1.0,1.0,2.0,5.338888888888889,1.0,1.57656095335814,0.7934641940112241,26,Latium,-0.8650018608828726,0.3315321019069694
Latium,187,it_ravenna_exarchate,700,6.096910013008056,4.698970004336019,5.051152522447381,5.333333333333333,0.6636363636363636,0.8333333333333334,0.8466666666666668,0.8333333333333334,4.0,5.0,2.7,7.0,3.0,10.33333333333333,1.0,1.0,2.0,5.338888888888889,1.0,1.821196530525558,0.6296667402538966,26,Latium,-0.43783335714054045,0.3315321019069694
Latium,188,it_st_peter_rep_1,800,5.947678739936936,4.698970004336019,4.929418925714293,5.333333333333333,0.6363636363636364,0.8181818181818182,0.8400000000000001,0.8333333333333334,4.0,5.0,2.7,7.0,3.0,10.33333333333333,1.0,1.0,2.0,5.338888888888889,1.0,1.670583437457993,0.6599221158515097,26,Latium,-0.5887281383700709,0.2712240177019141
Latium,188,it_st_peter_rep_1,900,5.962606072924127,4.698970004336019,4.602059991327963,5.333333333333333,0.6363636363636364,0.8181818181818182,0.8400000000000001,0.8333333333333334,4.0,5.0,2.7,7.0,3.0,10.33333333333333,1.0,1.0,2.0,5.338888888888889,1.0,1.550836104087375,0.7390561879539133,26,Latium,-0.7994378602535333,0.2712240177019141
Latium,189,it_st_peter_rep_2,1000,5.889301702506311,4.146128035678238,4.544068044350276,5.666666666666667,0.9090909090909091,0.725,0.86,0.6666666666666666,4.0,8.0,5.0,7.0,3.0,11.6,1.0,1.0,2.0,6.433333333333334,1.0,1.489581024412161,0.5165653686412542,26,Latium,-1.1204066243493183,0.3923545407747546
Latium,189,it_st_peter_rep_2,1100,5.849726444196328,3.778151250383644,4.544068044350276,5.666666666666667,0.9090909090909091,0.725,0.86,0.6666666666666666,4.0,8.0,5.0,7.0,3.0,11.6,1.0,1.0,2.0,6.433333333333334,1.0,1.384065456226745,0.6346945686937228,26,Latium,-1.30405657980014,0.3923545407747546
Latium,190,it_papal_state_1,1200,5.954242509439325,4.643452676486188,4.544068044350276,4.833333333333333,0.8181818181818182,0.725,0.9266666666666666,0.8333333333333334,4.0,7.2,6.0,8.0,3.0,11.13333333333333,1.0,1.0,2.0,6.555555555555554,1.0,1.629177439779044,0.8940513003642376,26,Latium,-0.8668335692462916,0.48429543673768743
Latium,190,it_papal_state_1,1300,5.954242509439325,4.643452676486188,4.544068044350276,4.833333333333333,0.8181818181818182,0.725,0.9266666666666666,0.8333333333333334,4.0,7.2,6.0,8.0,3.0,11.13333333333333,1.0,1.0,2.0,6.555555555555554,1.0,1.629177439779044,0.8940513003642376,26,Latium,-0.8668335692462916,0.48429543673768743
Latium,191,it_papal_state_2,1400,5.778151250383644,4.643452676486188,4.462397997898957,4.833333333333333,0.9090909090909091,0.7333333333333334,0.86,0.8333333333333334,4.0,10.0,6.0,8.0,3.0,10.66666666666667,1.0,1.0,2.0,6.944444444444446,1.0,1.597432778884057,0.9604694567049273,26,Latium,-1.0036726424918263,0.5090487548815535
Latium,191,it_papal_state_2,1500,6.204119982655925,4.643452676486188,4.740362689494244,4.833333333333333,0.9090909090909091,0.7333333333333334,0.86,0.8333333333333334,4.0,10.0,6.0,8.0,3.0,10.66666666666667,1.0,1.0,2.0,6.944444444444446,1.0,1.822616298871873,0.8040609109670315,26,Latium,-0.6191849479092059,0.5090487548815535
Latium,192,it_papal_state_3,1600,6.204119982655925,4.643452676486188,5.067052248342464,4.5,0.8272727272727273,0.9166666666666666,0.9333333333333333,0.8333333333333334,4.0,10.0,6.0,8.0,3.0,11.0,1.0,1.0,2.0,7.0,1.0,2.10795352774185,0.9639033739869274,26,Latium,-0.40192465710764097,0.7480950843851757
Latium,193,it_papal_state_4,1700,6.278753600952829,4.643452676486188,5.130333768495007,5.0,0.8272727272727273,0.8333333333333334,0.9266666666666666,0.9,4.0,10.0,4.0,7.0,3.0,11.0,0.0,1.0,1.0,6.5,1.0,2.202556862770164,0.9235259777281818,26,Latium,-0.3248629625799204,0.6752496052760834
Latium,193,it_papal_state_4,1800,6.361727836017593,4.643452676486188,5.184691430817598,5.0,0.8272727272727273,0.8333333333333334,0.9266666666666666,0.9,4.0,10.0,4.0,7.0,3.0,11.0,0.0,1.0,1.0,6.5,1.0,2.246500919743805,0.8930057557946933,26,Latium,-0.24982710550295537,0.6752496052760834
Kansai,147,jp_heian,800,6.602059991327963,5.439332693830263,5.301029995663981,4.5,0.89,0.7909090909090909,0.8666666666666667,0.8333333333333334,4.0,5.4,5.0,7.9,3.0,9.333333333333332,1.0,1.0,2.0,5.772222222222222,0.75,2.348629139956596,0.4523262369368178,27,Kansai,0.2972679133614226,0.569260397587347
Kansai,147,jp_heian,900,6.698970004336019,5.439332693830263,5.301029995663981,4.5,0.89,0.7909090909090909,0.8666666666666667,0.8333333333333334,4.0,5.4,5.0,7.9,3.0,9.333333333333332,1.0,1.0,2.0,5.772222222222222,0.75,2.375915120725316,0.4326159219173559,27,Kansai,0.3426850057779419,0.569260397587347
Kansai,147,jp_heian,1000,6.676693609624866,5.439332693830263,5.243038048686294,4.5,0.89,0.7909090909090909,0.8666666666666667,0.8333333333333334,4.0,5.4,5.0,7.9,3.0,9.333333333333332,1.0,1.0,2.0,5.772222222222222,0.75,2.347685070725541,0.4517031821569888,27,Kansai,0.2936783962981749,0.569260397587347
Kansai,147,jp_heian,1100,6.770852011642145,5.439332693830263,5.243038048686294,4.5,0.89,0.7909090909090909,0.8666666666666667,0.8333333333333334,4.0,5.4,5.0,7.9,3.0,9.333333333333332,1.0,1.0,2.0,5.772222222222222,0.75,2.374196307974506,0.4325525112625848,27,Kansai,0.3378059401243742,0.569260397587347
Kansai,148,jp_kamakura,1200,6.770852011642145,5.469822015978163,5.138302698166282,5.333333333333333,0.7363636363636363,1.0,0.74,0.6666666666666666,4.0,5.4,5.0,8.0,3.0,10.33333333333333,1.0,1.0,2.0,5.955555555555556,0.5,2.24313693555192,-0.02633812746490808,27,Kansai,0.28183304450043956,0.3753808369046754
Kansai,148,jp_kamakura,1300,6.77451696572855,5.469822015978163,5.176091259055681,5.333333333333333,0.7363636363636363,1.0,0.74,0.6666666666666666,4.0,5.4,5.0,8.0,3.0,10.33333333333333,1.0,1.0,2.0,5.955555555555556,0.5,2.258476995111881,-0.03656881149933003,27,Kansai,0.30868138365337267,0.3753808369046754
Kansai,149,jp_ashikaga,1400,7.096910013008056,5.469822015978163,5.176091259055681,6.0,0.6666666666666666,0.9916666666666667,0.8066666666666666,0.6666666666666666,4.0,5.0,5.9,8.0,3.0,9.0,1.0,1.0,2.0,5.816666666666666,0.5,2.451322120462707,-0.2151771875893637,27,Kansai,0.4597715999091431,0.3753808369046754
Kansai,151,jp_azuchi_momoyama,1600,7.342422680822207,5.469822015978163,5.477121254719663,5.0,0.6666666666666666,1.0,0.8066666666666666,0.8333333333333334,4.0,10.0,4.8,8.0,3.0,9.333333333333332,1.0,1.0,2.0,6.522222222222222,0.5,2.645996390232504,0.2369634355442335,27,Kansai,0.7750274155413355,0.49207505101147336
Kansai,152,jp_tokugawa_shogunate,1700,7.462397997898957,5.469822015978163,5.756149821780951,6.333333333333333,0.9090909090909091,1.0,0.9333333333333333,1.0,4.0,10.0,5.9,8.0,3.0,9.333333333333332,1.0,1.0,2.0,6.705555555555556,0.5,3.676058864323172,0.4978840946706482,27,Kansai,1.0168181331949824,1.0557434670303696
Kansai,152,jp_tokugawa_shogunate,1800,7.447158031342219,5.469822015978163,6.146128035678238,6.333333333333333,0.9090909090909091,1.0,0.9333333333333333,1.0,4.0,10.0,5.9,8.0,3.0,9.333333333333332,1.0,1.0,2.0,6.705555555555556,0.5,3.819428161742075,0.4030955921387886,27,Kansai,1.2690254087224182,1.0557434670303696
Cambodian Basin,38,kh_funan_2,600,5.217483944213907,5.421932813278509,3.301029995663981,3.0,0.588888888888889,0.8888888888888888,0.7333333333333333,0.6666666666666666,3.0,4.0,4.8,3.566666666666666,3.0,10.36666666666667,1.0,1.0,2.0,4.788888888888889,1.0,0.3222795867998661,0.980379057859425,28,Cambodian Basin,-1.6894954929108643,0.05264471748607697
Cambodian Basin,41,kh_angkor_2,1100,6.176091259055681,5.972778891807619,5.942008053022313,5.666666666666667,0.8272727272727273,0.9166666666666666,0.9266666666666666,0.5,3.0,7.0,5.1,6.1,3.0,10.66666666666667,1.0,1.0,2.0,5.811111111111111,1.0,2.608553721805176,-0.6500892364312824,28,Cambodian Basin,0.7632554875849861,0.5267296964128866
Cambodian Basin,41,kh_angkor_2,1200,6.176091259055681,5.972778891807619,5.942008053022313,5.666666666666667,0.8272727272727273,0.9166666666666666,0.9266666666666666,0.5,3.0,7.0,5.1,6.1,3.0,10.66666666666667,1.0,1.0,2.0,5.811111111111111,1.0,2.608553721805176,-0.6500892364312824,28,Cambodian Basin,0.7632554875849861,0.5267296964128866
Cambodian Basin,42,kh_angkor_3,1300,6.176091259055681,6.0,5.942008053022313,5.666666666666667,0.8099999999999999,0.7999999999999999,0.92,0.6,3.0,8.0,5.1,6.0,2.7,9.666666666666666,0.9,1.0,1.9,5.744444444444444,0.5,2.543577020377793,-0.5434289088804111,28,Cambodian Basin,0.7754689877491762,0.4125108141204751
Cambodian Basin,42,kh_angkor_3,1400,6.176091259055681,6.0,5.942008053022313,5.666666666666667,0.8099999999999999,0.7999999999999999,0.92,0.6,3.0,8.0,5.1,6.0,2.7,9.666666666666666,0.9,1.0,1.9,5.744444444444444,0.5,2.543577020377793,-0.5434289088804111,28,Cambodian Basin,0.7754689877491762,0.4125108141204751
Cambodian Basin,45,th_rattanakosin,1800,6.301029995663981,5.710218942584365,4.8750612633917,5.0,0.5545454545454546,0.8666666666666667,0.86,0.8333333333333334,2.7,9.0,3.8,,2.0,,,0.9,,2.916666666666667,0.5,1.930158725988138,0.3783237375930885,28,Cambodian Basin,-0.0055543897377004605,0.2650517617491574
Niger Inland Delta,430,ml_jenne_jeno_3,400,4.255272505103306,3.041392685158225,3.8750612633917,2.25,0.04285714285714286,0.6249999999999999,0.07333333333333333,0.15,0.0,4.0,1.2,0.0,0.0,0.4333333333333333,0.0,0.0,0.0,0.938888888888889,1.0,-2.873613479676191,-0.2482379842784932,29,Niger Inland Delta,-2.8267815206300866,-2.1595610089304405
Niger Inland Delta,430,ml_jenne_jeno_3,500,4.255272505103306,3.041392685158225,3.8750612633917,2.25,0.04285714285714286,0.6249999999999999,0.07333333333333333,0.15,0.0,4.0,1.2,0.0,0.0,0.4333333333333333,0.0,0.0,0.0,0.938888888888889,1.0,-2.873613479676191,-0.2482379842784932,29,Niger Inland Delta,-2.8267815206300866,-2.1595610089304405
Niger Inland Delta,430,ml_jenne_jeno_3,600,4.255272505103306,3.041392685158225,3.8750612633917,2.25,0.04285714285714286,0.6249999999999999,0.07333333333333333,0.15,0.0,4.0,1.2,0.0,0.0,0.4333333333333333,0.0,0.0,0.0,0.938888888888889,1.0,-2.873613479676191,-0.2482379842784932,29,Niger Inland Delta,-2.8267815206300866,-2.1595610089304405
Niger Inland Delta,216,mr_wagadu_2,700,6.051152522447381,5.574031267727719,4.243038048686294,3.833333333333333,0.6272727272727274,0.6777777777777777,0.06666666666666667,0.6,3.0,4.0,2.0,3.0,3.0,,1.0,1.0,2.0,2.5,1.0,0.02374335255982546,-0.3423790649718558,29,Niger Inland Delta,-0.6040825129635705,-1.1331570945486569
Niger Inland Delta,430,ml_jenne_jeno_3,700,4.255272505103306,3.041392685158225,3.8750612633917,2.25,0.04285714285714286,0.6249999999999999,0.07333333333333333,0.15,0.0,4.0,1.2,0.0,0.0,0.4333333333333333,0.0,0.0,0.0,0.938888888888889,1.0,-2.873613479676191,-0.2482379842784932,29,Niger Inland Delta,-2.8267815206300866,-2.1595610089304405
Niger Inland Delta,216,mr_wagadu_2,800,6.051152522447381,5.574031267727719,4.243038048686294,3.833333333333333,0.6272727272727274,0.6777777777777777,0.06666666666666667,0.6,3.0,4.0,2.0,3.0,3.0,,1.0,1.0,2.0,2.5,1.0,0.02374335255982546,-0.3423790649718558,29,Niger Inland Delta,-0.6040825129635705,-1.1331570945486569
Niger Inland Delta,430,ml_jenne_jeno_3,800,4.255272505103306,3.041392685158225,3.8750612633917,2.25,0.04285714285714286,0.6249999999999999,0.07333333333333333,0.15,0.0,4.0,1.2,0.0,0.0,0.4333333333333333,0.0,0.0,0.0,0.938888888888889,1.0,-2.873613479676191,-0.2482379842784932,29,Niger Inland Delta,-2.8267815206300866,-2.1595610089304405
Niger Inland Delta,216,mr_wagadu_2,900,6.051152522447381,5.574031267727719,4.243038048686294,3.833333333333333,0.6272727272727274,0.6777777777777777,0.06666666666666667,0.6,3.0,4.0,2.0,3.0,3.0,,1.0,1.0,2.0,2.5,1.0,0.02374335255982546,-0.3423790649718558,29,Niger Inland Delta,-0.6040825129635705,-1.1331570945486569
Niger Inland Delta,216,mr_wagadu_2,1000,6.051152522447381,5.574031267727719,4.243038048686294,3.833333333333333,0.6272727272727274,0.6777777777777777,0.06666666666666667,0.6,3.0,4.0,2.0,3.0,3.0,,1.0,1.0,2.0,2.5,1.0,0.02374335255982546,-0.3423790649718558,29,Niger Inland Delta,-0.6040825129635705,-1.1331570945486569
Niger Inland Delta,224,mr_wagadu_3,1100,6.096910013008056,5.574031267727719,4.243038048686294,3.833333333333333,0.6454545454545455,0.72,0.6466666666666667,0.75,3.0,4.0,2.0,7.0,3.0,,1.0,1.0,2.0,3.166666666666667,1.0,0.961304057445637,0.3895276357138853,29,Niger Inland Delta,-0.5826381635817431,-0.16282702330910093
Niger Inland Delta,224,mr_wagadu_3,1200,6.096910013008056,5.574031267727719,4.243038048686294,3.833333333333333,0.6454545454545455,0.72,0.6466666666666667,0.75,3.0,4.0,2.0,7.0,3.0,,1.0,1.0,2.0,3.166666666666667,1.0,0.961304057445637,0.3895276357138853,29,Niger Inland Delta,-0.5826381635817431,-0.16282702330910093
Niger Inland Delta,229,ml_mali_emp,1300,6.653212513775344,6.255272505103306,4.161368002234975,4.166666666666667,0.5599999999999999,0.9571428571428572,0.7133333333333334,0.75,2.7,4.0,4.0,7.2,3.0,,1.0,0.9,1.9,3.483333333333333,1.0,1.605792097433235,0.2700620143000467,29,Niger Inland Delta,-0.07058162764081369,0.13128280982067206
Niger Inland Delta,229,ml_mali_emp,1400,6.653212513775344,6.255272505103306,4.161368002234975,4.166666666666667,0.5599999999999999,0.9571428571428572,0.7133333333333334,0.75,2.7,4.0,4.0,7.2,3.0,,1.0,0.9,1.9,3.483333333333333,1.0,1.605792097433235,0.2700620143000467,29,Niger Inland Delta,-0.07058162764081369,0.13128280982067206
Cahokia,27,us_emergent_mississippian_1,800,2.653212513775344,2.176091259055681,2.653212513775344,2.0,0.0,0.09999999999999999,0.0,0.1666666666666667,0.0,4.0,1.9,0.0,0.0,9.0,0.0,0.0,0.0,2.483333333333333,0.0009765625,-4.870202994229425,0.1496749431579204,33,Cahokia,-4.778405117098913,-2.9684388255010234
Cahokia,27,us_emergent_mississippian_1,900,2.653212513775344,2.176091259055681,2.653212513775344,2.0,0.0,0.09999999999999999,0.0,0.1666666666666667,0.0,4.0,1.9,0.0,0.0,9.0,0.0,0.0,0.0,2.483333333333333,0.0009765625,-4.870202994229425,0.1496749431579204,33,Cahokia,-4.778405117098913,-2.9684388255010234
Cahokia,34,us_emergent_mississippian_2,900,2.653212513775344,2.176091259055681,2.653212513775344,2.0,0.1375,0.3166666666666667,0.0,0.3,0.0,4.0,1.9,0.0,0.0,9.0,0.0,0.0,0.0,2.483333333333333,0.0009765625,-4.260198181051538,0.7435139365577281,33,Cahokia,-4.778405117098913,-2.447293073864983
Cahokia,34,us_emergent_mississippian_2,1000,2.653212513775344,2.176091259055681,2.653212513775344,3.0,0.1375,0.3166666666666667,0.0,0.3,0.0,4.0,1.9,0.0,0.0,9.0,0.0,0.0,0.0,2.483333333333333,0.0009765625,-4.074448952929686,0.5751282571070979,33,Cahokia,-4.778405117098913,-2.447293073864983
Cahokia,32,us_cahokia_1,1100,4.653212513775344,3.397940008672037,4.096910013008056,3.333333333333333,0.3333333333333333,0.2727272727272727,0.0,0.1666666666666667,0.0,4.0,1.9,0.0,0.0,4.0,0.0,0.0,0.0,1.65,0.0009765625,-2.54720635262763,-0.8935660212077898,33,Cahokia,-2.3327738865106977,-2.359571493494756
Cahokia,33,us_cahokia_2,1200,4.653212513775344,3.397940008672037,4.096910013008056,3.333333333333333,0.3333333333333333,0.2727272727272727,0.0,0.1666666666666667,0.0,4.0,1.9,0.0,0.0,4.0,0.0,0.0,0.0,1.65,0.0009765625,-2.54720635262763,-0.8935660212077898,33,Cahokia,-2.3327738865106977,-2.359571493494756
Cahokia,28,us_cahokia_3,1300,4.130333768495007,2.8750612633917,3.778151250383644,2.666666666666667,0.2,0.2636363636363636,0.0,0.1666666666666667,0.0,4.0,2.0,0.0,0.0,4.0,0.0,0.0,0.0,1.666666666666667,0.0009765625,-3.254755195906392,-0.5060509281361313,33,Cahokia,-3.024412150999087,-2.5267367588819045
Cahokia,28,us_cahokia_3,1400,4.130333768495007,2.8750612633917,3.778151250383644,2.666666666666667,0.2,0.2636363636363636,0.0,0.1666666666666667,0.0,4.0,2.0,0.0,0.0,4.0,0.0,0.0,0.0,1.666666666666667,0.0009765625,-3.254755195906392,-0.5060509281361313,33,Cahokia,-3.024412150999087,-2.5267367588819045
Finger Lakes,101,us_haudenosaunee_1,1600,3.740362689494244,5.0,2.778151250383644,2.666666666666667,0.09090909090909091,0.08333333333333333,0.1333333333333333,0.3333333333333333,0.9,4.0,4.0,5.8,0.0,9.666666666666668,0.0,0.0,0.0,4.061111111111111,0.0009765625,-3.232814792922246,-0.559091375866387,34,Finger Lakes,-2.9187965712739614,-2.5936028650367637
Finger Lakes,101,us_haudenosaunee_1,1700,3.740362689494244,5.0,2.778151250383644,2.666666666666667,0.09090909090909091,0.08333333333333333,0.1333333333333333,0.3333333333333333,4.0,10.0,4.0,3.0,0.0,9.666666666666668,0.0,1.0,1.0,5.111111111111112,0.0009765625,-3.232814792922246,-0.559091375866387,34,Finger Lakes,-2.9187965712739614,-2.5936028650367637
Finger Lakes,102,us_haudenosaunee_2,1800,4.079181246047625,5.0,3.477121254719663,3.0,0.0,0.08333333333333333,0.1333333333333333,0.6666666666666666,4.0,10.0,4.0,3.0,2.7,1.5,0.9,1.0,1.9,4.2,0.0009765625,-2.553915409246679,-0.09738358240969588,34,Finger Lakes,-2.2951683449162585,-2.4875172158487655
Big Island Hawaii,21,us_hawaii_k,1800,4.843855422623161,4.22284647997415,4.382953100015041,3.5,0.72,0.8888888888888888,0.9333333333333333,0.8333333333333334,,,,,,,,,,,0.5625,0.9991191219896458,1.632092599021752,35,Big Island Hawaii,-1.6830827221133629,0.5875521352806717
Konya Plain,177,tr_ottoman_emp_4,1800,7.495405563146194,6.160895412509083,5.94101424370557,8.333333333333334,1.0,1.0,1.0,1.0,,,,,,,,,,,1.0,4.497735246618915,-0.02075498503266545,42,Konya Plain,1.4652978016725704,1.2537700121812996
,206,dz_numidia,-200,5.8750612633917,5.740362689494244,4.8750612633917,3.5,0.7125,0.8285714285714285,0.56,0.8333333333333334,,,,,,,,,,,1.0,1.339338987940457,0.5694522884825525,45,,-0.19166075781447106,-0.012854751391544596
,206,dz_numidia,-100,6.096910013008056,5.740362689494244,4.8750612633917,3.5,0.7125,0.8285714285714285,0.56,0.8333333333333334,,,,,,,,,,,1.0,1.401802716173506,0.5243309578183145,45,,-0.08769084953494388,-0.012854751391544596
,210,et_aksum_emp_2,400,5.740362689494244,5.812913356642856,4.740362689494244,4.5,0.7000000000000001,0.875,0.5800000000000001,0.8333333333333334,,,,,,,,,,,1.0,1.523514968561017,0.4920294452836829,47,,-0.3118150771844534,0.0592456023244415
,210,et_aksum_emp_2,500,5.740362689494244,5.812913356642856,4.740362689494244,4.5,0.7000000000000001,0.875,0.5800000000000001,0.8333333333333334,,,,,,,,,,,1.0,1.523514968561017,0.4920294452836829,47,,-0.3118150771844534,0.0592456023244415
,213,et_aksum_emp_3,600,5.698970004336019,5.544068044350276,4.740362689494244,4.5,0.6857142857142857,0.875,0.5800000000000001,0.8333333333333334,,,,,,,,,,,1.0,1.424728843670079,0.5745944244256437,50,,-0.4518387072048851,0.04257500030918479
,213,et_aksum_emp_3,700,5.698970004336019,5.544068044350276,4.740362689494244,4.5,0.6857142857142857,0.875,0.5800000000000001,0.6,,,,,,,,,,,1.0,1.163883709057637,0.01308844758704436,50,,-0.4518387072048851,-0.10594490855401247
,213,et_aksum_emp_3,800,5.0,4.698970004336019,4.653212513775344,4.5,0.6857142857142857,0.875,0.5800000000000001,0.6,,,,,,,,,,,1.0,0.7173462987813016,0.4299365858999347,50,,-1.2165470653925337,-0.10594490855401247
,223,ma_almoravid_dyn,1100,6.778151250383644,6.602059991327963,5.051152522447381,4.25,0.79,0.9888888888888889,0.6,0.8333333333333334,,,,,,,,,,,1.0,2.377578866687434,0.1716552007976111,58,,0.7353056139026403,0.33683638436636976
,250,cn_qin_emp,-300,7.602059991327963,5.531478917042255,5.544068044350276,6.0,0.8777777777777778,0.9727272727272728,0.8,0.8333333333333334,,,,,,,,,,,0.5,3.170919619344125,0.04275080700535187,75,,0.9688931037565582,0.6945164736841665
,302,gb_tudor_stuart,1500,6.354108439147401,5.320833548128495,4.778151250383644,7.333333333333333,0.8888888888888888,0.8181818181818182,0.8666666666666667,0.8333333333333334,,,,,,,,,,,1.0,2.611312047405028,0.2186257975309421,104,,-0.21983618429371998,0.6026827349426368
,302,gb_tudor_stuart,1600,6.514547752660286,5.320833548128495,5.301029995663981,7.333333333333333,0.8888888888888888,0.8181818181818182,0.8666666666666667,0.8333333333333334,,,,,,,,,,,1.0,2.854466684516677,0.05474701324503698,104,,0.20308720221104803,0.6026827349426368
,563,us_antebellum,1800,6.594305682791998,5.793391516453713,4.397940008672037,10.0,0.8,1.0,0.8666666666666667,0.8333333333333334,,,,,,,,,,,1.0,3.278322748269237,-0.1858925158246851,194,,-0.148095193914694,0.7304141428538428
,565,at_habsburg_1,1500,6.096910013008056,5.35293464355942,4.301029995663981,5.5,0.8428571428571429,0.7142857142857143,0.9333333333333333,0.8333333333333334,,,,,,,,,,,1.0,1.908173566539541,0.6056782398790759,195,,-0.643272527769625,0.5086446190751224
,565,at_habsburg_1,1600,6.903089986991944,5.35293464355942,4.698970004336019,5.5,0.8428571428571429,0.7142857142857143,0.9333333333333333,0.8333333333333334,,,,,,,,,,,1.0,2.285836473021635,0.3418244531684724,195,,-0.0008100967671907607,0.5086446190751224
,566,fr_france_napoleonic,1800,7.484299839346786,5.74154551677621,6.176091259055681,6.5,0.9818181818181819,0.990909090909091,0.8666666666666667,1.0,,,,,,,,,,,1.0,3.94449853525794,0.2636895864331218,196,,1.4282748540895,1.037098110506419
,568,cz_bohemian_k_2,1400,5.230448921378274,5.096910013008056,4.574031267727719,5.5,0.75,0.6555555555555554,0.7333333333333333,0.8333333333333334,,,,,,,,,,,1.0,1.27238837603777,0.5774638336129638,198,,-0.9826582916305284,0.049697893897521314
,568,cz_bohemian_k_2,1500,5.230448921378274,5.096910013008056,4.574031267727719,5.5,0.75,0.6555555555555554,0.7333333333333333,0.8333333333333334,,,,,,,,,,,1.0,1.27238837603777,0.5774638336129638,198,,-0.9826582916305284,0.049697893897521314
,569,mx_mexico_1,1800,6.818687663441514,7.36752364186902,5.230448921378274,4.666666666666667,0.7142857142857143,0.9916666666666667,0.8,1.0,,,,,,,,,,,1.0,3.05804361418703,0.3038611015552951,199,,1.2169879953115403,0.6339267190685681
,570,es_spanish_emp_2,1800,7.01359552353729,7.136720567156407,5.0,5.166666666666667,0.8888888888888888,1.0,0.8,0.8333333333333334,,,,,,,,,,,1.0,3.106257563286913,-0.009245000677300908,200,,1.0515190275563486,0.7422014372080644
,571,ru_romanov_dyn_2,1800,7.738780558484369,7.278753600952829,5.613313161455459,13.33333333333333,0.6,1.0,0.9333333333333333,1.0,,,,,,,,,,,1.0,5.07056122068375,-1.37816510774977,201,,1.8629809170892442,0.6950522597911764
,573,ru_golden_horde,1300,5.698970004336019,6.778151250383644,4.8750612633917,5.5,0.7666666666666667,0.9916666666666667,0.7,0.8333333333333334,,,,,,,,,,,1.0,2.375283894186042,0.2216984927134863,203,,0.19144611343131712,0.4510552666587812
,573,ru_golden_horde,1400,5.698970004336019,6.778151250383644,4.8750612633917,5.5,0.7666666666666667,0.9916666666666667,0.7,0.8333333333333334,,,,,,,,,,,1.0,2.375283894186042,0.2216984927134863,203,,0.19144611343131712,0.4510552666587812
,579,gb_england_plantagenet,1200,6.698970004336019,5.114874416333205,4.845098040014257,7.0,0.9,0.7363636363636363,0.8666666666666667,0.8333333333333334,,,,,,,,,,,1.0,2.525185386320551,0.1740434995238734,208,,-0.1061032664850007,0.511491939529519
,579,gb_england_plantagenet,1300,6.698970004336019,5.114874416333205,4.845098040014257,7.0,0.9,0.7363636363636363,0.8666666666666667,0.8333333333333334,,,,,,,,,,,1.0,2.525185386320551,0.1740434995238734,208,,-0.1061032664850007,0.511491939529519
,579,gb_england_plantagenet,1400,6.544068044350276,5.114874416333205,4.845098040014257,7.0,0.9,0.7363636363636363,0.8666666666666667,0.8333333333333334,,,,,,,,,,,1.0,2.481571194453127,0.2055486694612385,208,,-0.17869841340328332,0.511491939529519
,586,gb_england_norman,1100,6.041392685158225,5.135132651376775,4.251638220448212,5.333333333333333,0.3333333333333333,0.7,0.9333333333333333,0.8333333333333334,,,,,,,,,,,1.0,1.119661884868451,0.4846317853483468,214,,-0.799861015618695,-0.10412629742507633
Deccan,587,gb_british_emp_1,1700,6.737987326333431,6.469822015978163,5.759667844689631,8.666666666666666,1.0,1.0,0.9,0.8333333333333334,3.0,0.0,,,,,,1.0,,,1.0,4.053720569460547,-0.4278457199892542,215,Deccan,1.1283386289426662,1.0097730190489043
Deccan,587,gb_british_emp_1,1800,6.737987326333431,7.041392685158225,5.954242509439325,8.666666666666666,1.0,1.0,0.9,0.8333333333333334,3.0,0.0,,,,,,1.0,,,1.0,4.273981017078086,-0.6476708398127698,215,Deccan,1.514188697987178,1.0097730190489043
,606,gb_anglo_saxon_2,1000,6.176091259055681,5.114874416333205,4.079181246047625,4.333333333333333,0.6375,0.7428571428571428,0.7333333333333333,0.8333333333333334,,,,,,,,,,,1.0,1.111203032545727,0.7366156337482604,229,,-0.860513728021743,0.029554249795752562
,797,de_empire_1,1000,7.332438459915606,6.0,5.0,5.0,0.8090909090909091,0.7,0.8,0.8333333333333334,,,,,,,,,,,1.0,2.376057692828662,-0.03534615894303702,414,,0.6909244760199601,0.2671734747329171
,797,de_empire_1,1100,7.332438459915606,6.0,5.0,5.0,0.8090909090909091,0.7,0.8,0.8333333333333334,,,,,,,,,,,1.0,2.376057692828662,-0.03534615894303702,414,,0.6909244760199601,0.2671734747329171
,798,de_east_francia,900,6.5910646070265,5.676693609624866,4.498310553789601,5.333333333333333,0.1818181818181818,0.7666666666666667,0.8666666666666667,0.8333333333333334,,,,,,,,,,,1.0,1.323910218591483,0.1096895519648426,415,,-0.13522384466764434,-0.28800808935093897
